--
-- PostgreSQL database dump
--

-- Dumped from database version 13.1
-- Dumped by pg_dump version 13.1

SET statement_timeout = 0;
SET lock_timeout = 0;
SET idle_in_transaction_session_timeout = 0;
SET client_encoding = 'UTF8';
SET standard_conforming_strings = on;
SELECT pg_catalog.set_config('search_path', '', false);
SET check_function_bodies = false;
SET xmloption = content;
SET client_min_messages = warning;
SET row_security = off;

SET default_tablespace = '';

SET default_table_access_method = heap;

--
-- Name: ar_internal_metadata; Type: TABLE; Schema: public; Owner: susannahsun
--

CREATE TABLE public.ar_internal_metadata (
    key character varying NOT NULL,
    value character varying,
    created_at timestamp without time zone NOT NULL,
    updated_at timestamp without time zone NOT NULL
);


ALTER TABLE public.ar_internal_metadata OWNER TO susannahsun;

--
-- Name: completions; Type: TABLE; Schema: public; Owner: susannahsun
--

CREATE TABLE public.completions (
    id bigint NOT NULL,
    user_id bigint,
    myrecipe_id bigint,
    created_at timestamp without time zone NOT NULL,
    updated_at timestamp without time zone NOT NULL,
    previously_completed boolean DEFAULT false
);


ALTER TABLE public.completions OWNER TO susannahsun;

--
-- Name: completions_id_seq; Type: SEQUENCE; Schema: public; Owner: susannahsun
--

CREATE SEQUENCE public.completions_id_seq
    START WITH 1
    INCREMENT BY 1
    NO MINVALUE
    NO MAXVALUE
    CACHE 1;


ALTER TABLE public.completions_id_seq OWNER TO susannahsun;

--
-- Name: completions_id_seq; Type: SEQUENCE OWNED BY; Schema: public; Owner: susannahsun
--

ALTER SEQUENCE public.completions_id_seq OWNED BY public.completions.id;


--
-- Name: delayed_jobs; Type: TABLE; Schema: public; Owner: susannahsun
--

CREATE TABLE public.delayed_jobs (
    id bigint NOT NULL,
    priority integer DEFAULT 0 NOT NULL,
    attempts integer DEFAULT 0 NOT NULL,
    handler text NOT NULL,
    last_error text,
    run_at timestamp without time zone,
    locked_at timestamp without time zone,
    failed_at timestamp without time zone,
    locked_by character varying,
    queue character varying,
    created_at timestamp without time zone,
    updated_at timestamp without time zone
);


ALTER TABLE public.delayed_jobs OWNER TO susannahsun;

--
-- Name: delayed_jobs_id_seq; Type: SEQUENCE; Schema: public; Owner: susannahsun
--

CREATE SEQUENCE public.delayed_jobs_id_seq
    START WITH 1
    INCREMENT BY 1
    NO MINVALUE
    NO MAXVALUE
    CACHE 1;


ALTER TABLE public.delayed_jobs_id_seq OWNER TO susannahsun;

--
-- Name: delayed_jobs_id_seq; Type: SEQUENCE OWNED BY; Schema: public; Owner: susannahsun
--

ALTER SEQUENCE public.delayed_jobs_id_seq OWNED BY public.delayed_jobs.id;


--
-- Name: dietaryrestrictionlinks; Type: TABLE; Schema: public; Owner: susannahsun
--

CREATE TABLE public.dietaryrestrictionlinks (
    id bigint NOT NULL,
    myrecipe_id bigint,
    dietaryrestriction_id bigint,
    created_at timestamp without time zone NOT NULL,
    updated_at timestamp without time zone NOT NULL
);


ALTER TABLE public.dietaryrestrictionlinks OWNER TO susannahsun;

--
-- Name: dietaryrestrictionlinks_id_seq; Type: SEQUENCE; Schema: public; Owner: susannahsun
--

CREATE SEQUENCE public.dietaryrestrictionlinks_id_seq
    START WITH 1
    INCREMENT BY 1
    NO MINVALUE
    NO MAXVALUE
    CACHE 1;


ALTER TABLE public.dietaryrestrictionlinks_id_seq OWNER TO susannahsun;

--
-- Name: dietaryrestrictionlinks_id_seq; Type: SEQUENCE OWNED BY; Schema: public; Owner: susannahsun
--

ALTER SEQUENCE public.dietaryrestrictionlinks_id_seq OWNED BY public.dietaryrestrictionlinks.id;


--
-- Name: dietaryrestrictions; Type: TABLE; Schema: public; Owner: susannahsun
--

CREATE TABLE public.dietaryrestrictions (
    id bigint NOT NULL,
    name character varying,
    created_at timestamp without time zone NOT NULL,
    updated_at timestamp without time zone NOT NULL
);


ALTER TABLE public.dietaryrestrictions OWNER TO susannahsun;

--
-- Name: dietaryrestrictions_id_seq; Type: SEQUENCE; Schema: public; Owner: susannahsun
--

CREATE SEQUENCE public.dietaryrestrictions_id_seq
    START WITH 1
    INCREMENT BY 1
    NO MINVALUE
    NO MAXVALUE
    CACHE 1;


ALTER TABLE public.dietaryrestrictions_id_seq OWNER TO susannahsun;

--
-- Name: dietaryrestrictions_id_seq; Type: SEQUENCE OWNED BY; Schema: public; Owner: susannahsun
--

ALTER SEQUENCE public.dietaryrestrictions_id_seq OWNED BY public.dietaryrestrictions.id;


--
-- Name: favourites; Type: TABLE; Schema: public; Owner: susannahsun
--

CREATE TABLE public.favourites (
    id bigint NOT NULL,
    user_id bigint,
    myrecipe_id bigint,
    created_at timestamp without time zone NOT NULL,
    updated_at timestamp without time zone NOT NULL
);


ALTER TABLE public.favourites OWNER TO susannahsun;

--
-- Name: favourites_id_seq; Type: SEQUENCE; Schema: public; Owner: susannahsun
--

CREATE SEQUENCE public.favourites_id_seq
    START WITH 1
    INCREMENT BY 1
    NO MINVALUE
    NO MAXVALUE
    CACHE 1;


ALTER TABLE public.favourites_id_seq OWNER TO susannahsun;

--
-- Name: favourites_id_seq; Type: SEQUENCE OWNED BY; Schema: public; Owner: susannahsun
--

ALTER SEQUENCE public.favourites_id_seq OWNED BY public.favourites.id;


--
-- Name: groceries; Type: TABLE; Schema: public; Owner: susannahsun
--

CREATE TABLE public.groceries (
    id bigint NOT NULL,
    name character varying,
    quantity character varying,
    unit character varying,
    is_completed boolean DEFAULT false,
    user_id bigint,
    created_at timestamp without time zone NOT NULL,
    updated_at timestamp without time zone NOT NULL,
    user_added boolean DEFAULT false,
    category character varying
);


ALTER TABLE public.groceries OWNER TO susannahsun;

--
-- Name: groceries_id_seq; Type: SEQUENCE; Schema: public; Owner: susannahsun
--

CREATE SEQUENCE public.groceries_id_seq
    START WITH 1
    INCREMENT BY 1
    NO MINVALUE
    NO MAXVALUE
    CACHE 1;


ALTER TABLE public.groceries_id_seq OWNER TO susannahsun;

--
-- Name: groceries_id_seq; Type: SEQUENCE OWNED BY; Schema: public; Owner: susannahsun
--

ALTER SEQUENCE public.groceries_id_seq OWNED BY public.groceries.id;


--
-- Name: ingredients; Type: TABLE; Schema: public; Owner: susannahsun
--

CREATE TABLE public.ingredients (
    id bigint NOT NULL,
    name character varying,
    created_at timestamp without time zone NOT NULL,
    updated_at timestamp without time zone NOT NULL,
    myrecipeingredientlink_id bigint,
    category character varying
);


ALTER TABLE public.ingredients OWNER TO susannahsun;

--
-- Name: ingredients_id_seq; Type: SEQUENCE; Schema: public; Owner: susannahsun
--

CREATE SEQUENCE public.ingredients_id_seq
    START WITH 1
    INCREMENT BY 1
    NO MINVALUE
    NO MAXVALUE
    CACHE 1;


ALTER TABLE public.ingredients_id_seq OWNER TO susannahsun;

--
-- Name: ingredients_id_seq; Type: SEQUENCE OWNED BY; Schema: public; Owner: susannahsun
--

ALTER SEQUENCE public.ingredients_id_seq OWNED BY public.ingredients.id;


--
-- Name: leftover_usage_mealplan_links; Type: TABLE; Schema: public; Owner: susannahsun
--

CREATE TABLE public.leftover_usage_mealplan_links (
    id bigint NOT NULL,
    leftover_usage_id bigint,
    mealplan_id bigint,
    created_at timestamp without time zone NOT NULL,
    updated_at timestamp without time zone NOT NULL
);


ALTER TABLE public.leftover_usage_mealplan_links OWNER TO susannahsun;

--
-- Name: leftover_usage_mealplan_links_id_seq; Type: SEQUENCE; Schema: public; Owner: susannahsun
--

CREATE SEQUENCE public.leftover_usage_mealplan_links_id_seq
    START WITH 1
    INCREMENT BY 1
    NO MINVALUE
    NO MAXVALUE
    CACHE 1;


ALTER TABLE public.leftover_usage_mealplan_links_id_seq OWNER TO susannahsun;

--
-- Name: leftover_usage_mealplan_links_id_seq; Type: SEQUENCE OWNED BY; Schema: public; Owner: susannahsun
--

ALTER SEQUENCE public.leftover_usage_mealplan_links_id_seq OWNED BY public.leftover_usage_mealplan_links.id;


--
-- Name: leftover_usages; Type: TABLE; Schema: public; Owner: susannahsun
--

CREATE TABLE public.leftover_usages (
    id bigint NOT NULL,
    quantity character varying,
    unit character varying,
    created_at timestamp without time zone NOT NULL,
    updated_at timestamp without time zone NOT NULL,
    user_id bigint,
    ingredient_id bigint,
    myrecipe_id bigint,
    mealplan_id bigint,
    leftover_usage_mealplan_links_id bigint
);


ALTER TABLE public.leftover_usages OWNER TO susannahsun;

--
-- Name: leftover_usages_id_seq; Type: SEQUENCE; Schema: public; Owner: susannahsun
--

CREATE SEQUENCE public.leftover_usages_id_seq
    START WITH 1
    INCREMENT BY 1
    NO MINVALUE
    NO MAXVALUE
    CACHE 1;


ALTER TABLE public.leftover_usages_id_seq OWNER TO susannahsun;

--
-- Name: leftover_usages_id_seq; Type: SEQUENCE OWNED BY; Schema: public; Owner: susannahsun
--

ALTER SEQUENCE public.leftover_usages_id_seq OWNED BY public.leftover_usages.id;


--
-- Name: leftovers; Type: TABLE; Schema: public; Owner: susannahsun
--

CREATE TABLE public.leftovers (
    id bigint NOT NULL,
    ingredient_id bigint,
    user_id bigint,
    quantity character varying,
    unit character varying,
    expiry_date character varying,
    created_at timestamp without time zone NOT NULL,
    updated_at timestamp without time zone NOT NULL
);


ALTER TABLE public.leftovers OWNER TO susannahsun;

--
-- Name: leftovers_id_seq; Type: SEQUENCE; Schema: public; Owner: susannahsun
--

CREATE SEQUENCE public.leftovers_id_seq
    START WITH 1
    INCREMENT BY 1
    NO MINVALUE
    NO MAXVALUE
    CACHE 1;


ALTER TABLE public.leftovers_id_seq OWNER TO susannahsun;

--
-- Name: leftovers_id_seq; Type: SEQUENCE OWNED BY; Schema: public; Owner: susannahsun
--

ALTER SEQUENCE public.leftovers_id_seq OWNED BY public.leftovers.id;


--
-- Name: likes; Type: TABLE; Schema: public; Owner: susannahsun
--

CREATE TABLE public.likes (
    id bigint NOT NULL,
    user_id bigint,
    review_id bigint,
    created_at timestamp without time zone NOT NULL,
    updated_at timestamp without time zone NOT NULL
);


ALTER TABLE public.likes OWNER TO susannahsun;

--
-- Name: likes_id_seq; Type: SEQUENCE; Schema: public; Owner: susannahsun
--

CREATE SEQUENCE public.likes_id_seq
    START WITH 1
    INCREMENT BY 1
    NO MINVALUE
    NO MAXVALUE
    CACHE 1;


ALTER TABLE public.likes_id_seq OWNER TO susannahsun;

--
-- Name: likes_id_seq; Type: SEQUENCE OWNED BY; Schema: public; Owner: susannahsun
--

ALTER SEQUENCE public.likes_id_seq OWNED BY public.likes.id;


--
-- Name: mealplans; Type: TABLE; Schema: public; Owner: susannahsun
--

CREATE TABLE public.mealplans (
    id bigint NOT NULL,
    user_id bigint,
    created_at timestamp without time zone NOT NULL,
    updated_at timestamp without time zone NOT NULL,
    leftover_usage_mealplan_links_id bigint
);


ALTER TABLE public.mealplans OWNER TO susannahsun;

--
-- Name: mealplans_id_seq; Type: SEQUENCE; Schema: public; Owner: susannahsun
--

CREATE SEQUENCE public.mealplans_id_seq
    START WITH 1
    INCREMENT BY 1
    NO MINVALUE
    NO MAXVALUE
    CACHE 1;


ALTER TABLE public.mealplans_id_seq OWNER TO susannahsun;

--
-- Name: mealplans_id_seq; Type: SEQUENCE OWNED BY; Schema: public; Owner: susannahsun
--

ALTER SEQUENCE public.mealplans_id_seq OWNED BY public.mealplans.id;


--
-- Name: myrecipeingredientlinks; Type: TABLE; Schema: public; Owner: susannahsun
--

CREATE TABLE public.myrecipeingredientlinks (
    id bigint NOT NULL,
    myrecipe_id bigint,
    ingredient_id bigint,
    quantity character varying,
    unit character varying DEFAULT ''::character varying,
    created_at timestamp without time zone NOT NULL,
    updated_at timestamp without time zone NOT NULL,
    expiry_date date
);


ALTER TABLE public.myrecipeingredientlinks OWNER TO susannahsun;

--
-- Name: myrecipeingredientlinks_id_seq; Type: SEQUENCE; Schema: public; Owner: susannahsun
--

CREATE SEQUENCE public.myrecipeingredientlinks_id_seq
    START WITH 1
    INCREMENT BY 1
    NO MINVALUE
    NO MAXVALUE
    CACHE 1;


ALTER TABLE public.myrecipeingredientlinks_id_seq OWNER TO susannahsun;

--
-- Name: myrecipeingredientlinks_id_seq; Type: SEQUENCE OWNED BY; Schema: public; Owner: susannahsun
--

ALTER SEQUENCE public.myrecipeingredientlinks_id_seq OWNED BY public.myrecipeingredientlinks.id;


--
-- Name: myrecipemealplanlinks; Type: TABLE; Schema: public; Owner: susannahsun
--

CREATE TABLE public.myrecipemealplanlinks (
    id bigint NOT NULL,
    mealplan_id bigint,
    myrecipe_id bigint,
    created_at timestamp without time zone NOT NULL,
    updated_at timestamp without time zone NOT NULL,
    completed boolean DEFAULT false
);


ALTER TABLE public.myrecipemealplanlinks OWNER TO susannahsun;

--
-- Name: myrecipemealplanlinks_id_seq; Type: SEQUENCE; Schema: public; Owner: susannahsun
--

CREATE SEQUENCE public.myrecipemealplanlinks_id_seq
    START WITH 1
    INCREMENT BY 1
    NO MINVALUE
    NO MAXVALUE
    CACHE 1;


ALTER TABLE public.myrecipemealplanlinks_id_seq OWNER TO susannahsun;

--
-- Name: myrecipemealplanlinks_id_seq; Type: SEQUENCE OWNED BY; Schema: public; Owner: susannahsun
--

ALTER SEQUENCE public.myrecipemealplanlinks_id_seq OWNED BY public.myrecipemealplanlinks.id;


--
-- Name: myrecipes; Type: TABLE; Schema: public; Owner: susannahsun
--

CREATE TABLE public.myrecipes (
    id bigint NOT NULL,
    title character varying,
    cooking_time_in_min integer,
    "videoURL" character varying,
    instructions text,
    created_at timestamp without time zone NOT NULL,
    updated_at timestamp without time zone NOT NULL,
    myrecipeingredientlink_id bigint,
    is_hidden boolean DEFAULT true,
    cooking_time character varying,
    user_id bigint,
    avatar_file_name character varying,
    avatar_content_type character varying,
    avatar_file_size bigint,
    avatar_updated_at timestamp without time zone,
    "imageURL" character varying
);


ALTER TABLE public.myrecipes OWNER TO susannahsun;

--
-- Name: myrecipes_id_seq; Type: SEQUENCE; Schema: public; Owner: susannahsun
--

CREATE SEQUENCE public.myrecipes_id_seq
    START WITH 1
    INCREMENT BY 1
    NO MINVALUE
    NO MAXVALUE
    CACHE 1;


ALTER TABLE public.myrecipes_id_seq OWNER TO susannahsun;

--
-- Name: myrecipes_id_seq; Type: SEQUENCE OWNED BY; Schema: public; Owner: susannahsun
--

ALTER SEQUENCE public.myrecipes_id_seq OWNED BY public.myrecipes.id;


--
-- Name: reviews; Type: TABLE; Schema: public; Owner: susannahsun
--

CREATE TABLE public.reviews (
    id bigint NOT NULL,
    content text,
    myrecipe_id bigint,
    user_id bigint,
    created_at timestamp without time zone NOT NULL,
    updated_at timestamp without time zone NOT NULL
);


ALTER TABLE public.reviews OWNER TO susannahsun;

--
-- Name: reviews_id_seq; Type: SEQUENCE; Schema: public; Owner: susannahsun
--

CREATE SEQUENCE public.reviews_id_seq
    START WITH 1
    INCREMENT BY 1
    NO MINVALUE
    NO MAXVALUE
    CACHE 1;


ALTER TABLE public.reviews_id_seq OWNER TO susannahsun;

--
-- Name: reviews_id_seq; Type: SEQUENCE OWNED BY; Schema: public; Owner: susannahsun
--

ALTER SEQUENCE public.reviews_id_seq OWNED BY public.reviews.id;


--
-- Name: schema_migrations; Type: TABLE; Schema: public; Owner: susannahsun
--

CREATE TABLE public.schema_migrations (
    version character varying NOT NULL
);


ALTER TABLE public.schema_migrations OWNER TO susannahsun;

--
-- Name: taggings; Type: TABLE; Schema: public; Owner: susannahsun
--

CREATE TABLE public.taggings (
    id bigint NOT NULL,
    myrecipe_id bigint,
    tag_id bigint,
    created_at timestamp without time zone NOT NULL,
    updated_at timestamp without time zone NOT NULL
);


ALTER TABLE public.taggings OWNER TO susannahsun;

--
-- Name: taggings_id_seq; Type: SEQUENCE; Schema: public; Owner: susannahsun
--

CREATE SEQUENCE public.taggings_id_seq
    START WITH 1
    INCREMENT BY 1
    NO MINVALUE
    NO MAXVALUE
    CACHE 1;


ALTER TABLE public.taggings_id_seq OWNER TO susannahsun;

--
-- Name: taggings_id_seq; Type: SEQUENCE OWNED BY; Schema: public; Owner: susannahsun
--

ALTER SEQUENCE public.taggings_id_seq OWNED BY public.taggings.id;


--
-- Name: tags; Type: TABLE; Schema: public; Owner: susannahsun
--

CREATE TABLE public.tags (
    id bigint NOT NULL,
    name character varying,
    created_at timestamp without time zone NOT NULL,
    updated_at timestamp without time zone NOT NULL
);


ALTER TABLE public.tags OWNER TO susannahsun;

--
-- Name: tags_id_seq; Type: SEQUENCE; Schema: public; Owner: susannahsun
--

CREATE SEQUENCE public.tags_id_seq
    START WITH 1
    INCREMENT BY 1
    NO MINVALUE
    NO MAXVALUE
    CACHE 1;


ALTER TABLE public.tags_id_seq OWNER TO susannahsun;

--
-- Name: tags_id_seq; Type: SEQUENCE OWNED BY; Schema: public; Owner: susannahsun
--

ALTER SEQUENCE public.tags_id_seq OWNED BY public.tags.id;


--
-- Name: userdietaryrestrictionlinks; Type: TABLE; Schema: public; Owner: susannahsun
--

CREATE TABLE public.userdietaryrestrictionlinks (
    id bigint NOT NULL,
    user_id bigint,
    dietaryrestriction_id bigint,
    created_at timestamp without time zone NOT NULL,
    updated_at timestamp without time zone NOT NULL
);


ALTER TABLE public.userdietaryrestrictionlinks OWNER TO susannahsun;

--
-- Name: userdietaryrestrictionlinks_id_seq; Type: SEQUENCE; Schema: public; Owner: susannahsun
--

CREATE SEQUENCE public.userdietaryrestrictionlinks_id_seq
    START WITH 1
    INCREMENT BY 1
    NO MINVALUE
    NO MAXVALUE
    CACHE 1;


ALTER TABLE public.userdietaryrestrictionlinks_id_seq OWNER TO susannahsun;

--
-- Name: userdietaryrestrictionlinks_id_seq; Type: SEQUENCE OWNED BY; Schema: public; Owner: susannahsun
--

ALTER SEQUENCE public.userdietaryrestrictionlinks_id_seq OWNED BY public.userdietaryrestrictionlinks.id;


--
-- Name: users; Type: TABLE; Schema: public; Owner: susannahsun
--

CREATE TABLE public.users (
    id bigint NOT NULL,
    first_name character varying,
    last_name character varying,
    email character varying,
    password_digest character varying,
    created_at timestamp without time zone NOT NULL,
    updated_at timestamp without time zone NOT NULL,
    avatar_file_name character varying,
    avatar_content_type character varying,
    avatar_file_size bigint,
    avatar_updated_at timestamp without time zone,
    is_admin boolean DEFAULT false,
    tags integer[] DEFAULT '{}'::integer[],
    city character varying,
    province character varying,
    region character varying,
    postal character varying
);


ALTER TABLE public.users OWNER TO susannahsun;

--
-- Name: users_id_seq; Type: SEQUENCE; Schema: public; Owner: susannahsun
--

CREATE SEQUENCE public.users_id_seq
    START WITH 1
    INCREMENT BY 1
    NO MINVALUE
    NO MAXVALUE
    CACHE 1;


ALTER TABLE public.users_id_seq OWNER TO susannahsun;

--
-- Name: users_id_seq; Type: SEQUENCE OWNED BY; Schema: public; Owner: susannahsun
--

ALTER SEQUENCE public.users_id_seq OWNED BY public.users.id;


--
-- Name: usertaggings; Type: TABLE; Schema: public; Owner: susannahsun
--

CREATE TABLE public.usertaggings (
    id bigint NOT NULL,
    user_id bigint,
    tag_id bigint,
    created_at timestamp without time zone NOT NULL,
    updated_at timestamp without time zone NOT NULL
);


ALTER TABLE public.usertaggings OWNER TO susannahsun;

--
-- Name: usertaggings_id_seq; Type: SEQUENCE; Schema: public; Owner: susannahsun
--

CREATE SEQUENCE public.usertaggings_id_seq
    START WITH 1
    INCREMENT BY 1
    NO MINVALUE
    NO MAXVALUE
    CACHE 1;


ALTER TABLE public.usertaggings_id_seq OWNER TO susannahsun;

--
-- Name: usertaggings_id_seq; Type: SEQUENCE OWNED BY; Schema: public; Owner: susannahsun
--

ALTER SEQUENCE public.usertaggings_id_seq OWNED BY public.usertaggings.id;


--
-- Name: completions id; Type: DEFAULT; Schema: public; Owner: susannahsun
--

ALTER TABLE ONLY public.completions ALTER COLUMN id SET DEFAULT nextval('public.completions_id_seq'::regclass);


--
-- Name: delayed_jobs id; Type: DEFAULT; Schema: public; Owner: susannahsun
--

ALTER TABLE ONLY public.delayed_jobs ALTER COLUMN id SET DEFAULT nextval('public.delayed_jobs_id_seq'::regclass);


--
-- Name: dietaryrestrictionlinks id; Type: DEFAULT; Schema: public; Owner: susannahsun
--

ALTER TABLE ONLY public.dietaryrestrictionlinks ALTER COLUMN id SET DEFAULT nextval('public.dietaryrestrictionlinks_id_seq'::regclass);


--
-- Name: dietaryrestrictions id; Type: DEFAULT; Schema: public; Owner: susannahsun
--

ALTER TABLE ONLY public.dietaryrestrictions ALTER COLUMN id SET DEFAULT nextval('public.dietaryrestrictions_id_seq'::regclass);


--
-- Name: favourites id; Type: DEFAULT; Schema: public; Owner: susannahsun
--

ALTER TABLE ONLY public.favourites ALTER COLUMN id SET DEFAULT nextval('public.favourites_id_seq'::regclass);


--
-- Name: groceries id; Type: DEFAULT; Schema: public; Owner: susannahsun
--

ALTER TABLE ONLY public.groceries ALTER COLUMN id SET DEFAULT nextval('public.groceries_id_seq'::regclass);


--
-- Name: ingredients id; Type: DEFAULT; Schema: public; Owner: susannahsun
--

ALTER TABLE ONLY public.ingredients ALTER COLUMN id SET DEFAULT nextval('public.ingredients_id_seq'::regclass);


--
-- Name: leftover_usage_mealplan_links id; Type: DEFAULT; Schema: public; Owner: susannahsun
--

ALTER TABLE ONLY public.leftover_usage_mealplan_links ALTER COLUMN id SET DEFAULT nextval('public.leftover_usage_mealplan_links_id_seq'::regclass);


--
-- Name: leftover_usages id; Type: DEFAULT; Schema: public; Owner: susannahsun
--

ALTER TABLE ONLY public.leftover_usages ALTER COLUMN id SET DEFAULT nextval('public.leftover_usages_id_seq'::regclass);


--
-- Name: leftovers id; Type: DEFAULT; Schema: public; Owner: susannahsun
--

ALTER TABLE ONLY public.leftovers ALTER COLUMN id SET DEFAULT nextval('public.leftovers_id_seq'::regclass);


--
-- Name: likes id; Type: DEFAULT; Schema: public; Owner: susannahsun
--

ALTER TABLE ONLY public.likes ALTER COLUMN id SET DEFAULT nextval('public.likes_id_seq'::regclass);


--
-- Name: mealplans id; Type: DEFAULT; Schema: public; Owner: susannahsun
--

ALTER TABLE ONLY public.mealplans ALTER COLUMN id SET DEFAULT nextval('public.mealplans_id_seq'::regclass);


--
-- Name: myrecipeingredientlinks id; Type: DEFAULT; Schema: public; Owner: susannahsun
--

ALTER TABLE ONLY public.myrecipeingredientlinks ALTER COLUMN id SET DEFAULT nextval('public.myrecipeingredientlinks_id_seq'::regclass);


--
-- Name: myrecipemealplanlinks id; Type: DEFAULT; Schema: public; Owner: susannahsun
--

ALTER TABLE ONLY public.myrecipemealplanlinks ALTER COLUMN id SET DEFAULT nextval('public.myrecipemealplanlinks_id_seq'::regclass);


--
-- Name: myrecipes id; Type: DEFAULT; Schema: public; Owner: susannahsun
--

ALTER TABLE ONLY public.myrecipes ALTER COLUMN id SET DEFAULT nextval('public.myrecipes_id_seq'::regclass);


--
-- Name: reviews id; Type: DEFAULT; Schema: public; Owner: susannahsun
--

ALTER TABLE ONLY public.reviews ALTER COLUMN id SET DEFAULT nextval('public.reviews_id_seq'::regclass);


--
-- Name: taggings id; Type: DEFAULT; Schema: public; Owner: susannahsun
--

ALTER TABLE ONLY public.taggings ALTER COLUMN id SET DEFAULT nextval('public.taggings_id_seq'::regclass);


--
-- Name: tags id; Type: DEFAULT; Schema: public; Owner: susannahsun
--

ALTER TABLE ONLY public.tags ALTER COLUMN id SET DEFAULT nextval('public.tags_id_seq'::regclass);


--
-- Name: userdietaryrestrictionlinks id; Type: DEFAULT; Schema: public; Owner: susannahsun
--

ALTER TABLE ONLY public.userdietaryrestrictionlinks ALTER COLUMN id SET DEFAULT nextval('public.userdietaryrestrictionlinks_id_seq'::regclass);


--
-- Name: users id; Type: DEFAULT; Schema: public; Owner: susannahsun
--

ALTER TABLE ONLY public.users ALTER COLUMN id SET DEFAULT nextval('public.users_id_seq'::regclass);


--
-- Name: usertaggings id; Type: DEFAULT; Schema: public; Owner: susannahsun
--

ALTER TABLE ONLY public.usertaggings ALTER COLUMN id SET DEFAULT nextval('public.usertaggings_id_seq'::regclass);


--
-- Data for Name: ar_internal_metadata; Type: TABLE DATA; Schema: public; Owner: susannahsun
--

COPY public.ar_internal_metadata (key, value, created_at, updated_at) FROM stdin;
environment	development	2019-08-09 04:10:33.283391	2019-08-09 04:10:33.283391
\.


--
-- Data for Name: completions; Type: TABLE DATA; Schema: public; Owner: susannahsun
--

COPY public.completions (id, user_id, myrecipe_id, created_at, updated_at, previously_completed) FROM stdin;
7	4	5	2019-08-28 00:02:37.654105	2019-08-28 00:02:37.654105	f
8	3	1	2019-08-28 18:39:35.106828	2019-08-28 18:39:35.106828	f
11	1	9	2019-10-06 21:09:49.429169	2019-10-06 21:09:49.429169	f
12	1	15	2019-10-12 18:11:13.56302	2019-10-12 18:11:13.56302	f
97	1	2	2020-10-22 22:24:18.253574	2020-10-22 22:24:18.253574	f
106	5	2	2020-12-03 04:22:35.843969	2020-12-03 04:22:57.043599	f
108	5	1	2020-12-03 04:25:46.528352	2020-12-03 04:25:46.528352	f
110	1	16	2020-12-09 01:05:17.725042	2020-12-09 01:05:17.725042	f
112	1	8	2021-01-06 02:20:36.298302	2021-01-06 02:20:36.298302	f
6	1	1	2019-08-27 22:42:09.683301	2021-01-06 02:22:55.124735	t
111	1	18	2021-01-06 02:19:56.211361	2021-01-06 06:49:48.87289	t
\.


--
-- Data for Name: delayed_jobs; Type: TABLE DATA; Schema: public; Owner: susannahsun
--

COPY public.delayed_jobs (id, priority, attempts, handler, last_error, run_at, locked_at, failed_at, locked_by, queue, created_at, updated_at) FROM stdin;
\.


--
-- Data for Name: dietaryrestrictionlinks; Type: TABLE DATA; Schema: public; Owner: susannahsun
--

COPY public.dietaryrestrictionlinks (id, myrecipe_id, dietaryrestriction_id, created_at, updated_at) FROM stdin;
1	1	1	2019-08-12 22:59:02.918043	2019-08-12 22:59:02.918043
2	1	3	2019-08-12 22:59:02.920526	2019-08-12 22:59:02.920526
3	2	3	2019-08-20 18:38:44.87441	2019-08-20 18:38:44.87441
4	3	3	2019-08-20 21:04:40.944767	2019-08-20 21:04:40.944767
5	5	1	2019-08-20 21:27:06.087039	2019-08-20 21:27:06.087039
6	5	2	2019-08-20 21:27:06.089332	2019-08-20 21:27:06.089332
7	5	3	2019-08-20 21:27:06.091305	2019-08-20 21:27:06.091305
8	5	4	2019-08-20 21:27:06.09328	2019-08-20 21:27:06.09328
9	6	1	2019-08-20 21:34:51.345332	2019-08-20 21:34:51.345332
10	6	2	2019-08-20 21:34:51.347407	2019-08-20 21:34:51.347407
11	6	3	2019-08-20 21:34:51.349393	2019-08-20 21:34:51.349393
12	6	4	2019-08-20 21:34:51.351168	2019-08-20 21:34:51.351168
13	8	1	2019-08-22 22:12:08.07917	2019-08-22 22:12:08.07917
14	8	3	2019-08-22 22:12:08.082805	2019-08-22 22:12:08.082805
15	8	4	2019-08-22 22:12:08.084467	2019-08-22 22:12:08.084467
16	9	1	2019-08-23 01:47:54.711788	2019-08-23 01:47:54.711788
17	9	2	2019-08-23 01:47:54.715423	2019-08-23 01:47:54.715423
18	9	3	2019-08-23 01:47:54.717124	2019-08-23 01:47:54.717124
19	9	4	2019-08-23 01:47:54.718645	2019-08-23 01:47:54.718645
20	17	3	2020-10-05 23:07:51.804723	2020-10-05 23:07:51.804723
21	17	4	2020-10-05 23:07:51.808218	2020-10-05 23:07:51.808218
22	16	3	2020-10-05 23:14:03.482318	2020-10-05 23:14:03.482318
23	18	1	2020-10-05 23:24:56.288448	2020-10-05 23:24:56.288448
24	18	2	2020-10-05 23:24:56.290434	2020-10-05 23:24:56.290434
25	18	3	2020-10-05 23:24:56.292113	2020-10-05 23:24:56.292113
26	18	4	2020-10-05 23:24:56.293955	2020-10-05 23:24:56.293955
27	19	1	2020-10-16 16:02:47.093832	2020-10-16 16:02:47.093832
28	19	2	2020-10-16 16:02:47.09661	2020-10-16 16:02:47.09661
29	19	3	2020-10-16 16:02:47.098062	2020-10-16 16:02:47.098062
30	19	4	2020-10-16 16:02:47.100009	2020-10-16 16:02:47.100009
31	20	1	2020-10-16 16:46:47.469502	2020-10-16 16:46:47.469502
32	22	3	2020-10-16 22:59:11.512813	2020-10-16 22:59:11.512813
33	22	4	2020-10-16 22:59:11.516997	2020-10-16 22:59:11.516997
34	23	4	2020-10-17 03:13:32.011004	2020-10-17 03:13:32.011004
37	24	3	2021-01-10 23:39:41.676363	2021-01-10 23:39:41.676363
38	24	4	2021-01-10 23:39:41.679089	2021-01-10 23:39:41.679089
\.


--
-- Data for Name: dietaryrestrictions; Type: TABLE DATA; Schema: public; Owner: susannahsun
--

COPY public.dietaryrestrictions (id, name, created_at, updated_at) FROM stdin;
1	vegetarian	2019-08-09 04:22:19.263913	2019-08-09 04:22:19.263913
2	vegan	2019-08-09 04:28:46.061438	2019-08-09 04:28:46.061438
3	gluten free	2019-08-09 04:47:06.134991	2019-08-09 04:47:06.134991
4	dairy free	2019-08-09 04:47:17.080302	2019-08-09 04:47:17.080302
5	halal	2019-08-09 04:47:25.428895	2019-08-12 21:36:06.399422
\.


--
-- Data for Name: favourites; Type: TABLE DATA; Schema: public; Owner: susannahsun
--

COPY public.favourites (id, user_id, myrecipe_id, created_at, updated_at) FROM stdin;
1	1	1	2019-08-12 23:27:52.713794	2019-08-12 23:27:52.713794
9	1	7	2019-08-21 22:20:47.292606	2019-08-21 22:20:47.292606
11	1	8	2019-08-23 05:16:11.599906	2019-08-23 05:16:11.599906
12	4	5	2019-08-28 00:02:53.250148	2019-08-28 00:02:53.250148
13	3	8	2019-08-28 18:39:14.231963	2019-08-28 18:39:14.231963
14	3	7	2019-08-28 18:44:27.868751	2019-08-28 18:44:27.868751
16	1	6	2019-10-06 22:36:53.508028	2019-10-06 22:36:53.508028
17	1	15	2019-10-12 18:11:01.595498	2019-10-12 18:11:01.595498
22	1	2	2020-09-29 00:12:49.879174	2020-09-29 00:12:49.879174
24	1	4	2020-12-09 01:02:00.890642	2020-12-09 01:02:00.890642
\.


--
-- Data for Name: groceries; Type: TABLE DATA; Schema: public; Owner: susannahsun
--

COPY public.groceries (id, name, quantity, unit, is_completed, user_id, created_at, updated_at, user_added, category) FROM stdin;
1676	white rice	3	cup	f	3	2019-08-30 02:05:50.151711	2019-08-30 02:05:50.151711	f	\N
1677	milk	2 1/4	cup	f	3	2019-08-30 02:05:50.153956	2019-08-30 02:05:50.153956	f	\N
1678	white sugar	3/4	cup	f	3	2019-08-30 02:05:50.155815	2019-08-30 02:05:50.155815	f	\N
1679	salt			f	3	2019-08-30 02:05:50.157684	2019-08-30 02:05:50.157684	f	\N
1680	egg		cup	f	3	2019-08-30 02:05:50.159557	2019-08-30 02:05:50.159557	f	\N
1681	raisin	2/3	cup	f	3	2019-08-30 02:05:50.161618	2019-08-30 02:05:50.161618	f	\N
1682	butter	1	tbsp	f	3	2019-08-30 02:05:50.163505	2019-08-30 02:05:50.163505	f	\N
1683	vanilla extract	1/2	tsp	f	3	2019-08-30 02:05:50.165336	2019-08-30 02:05:50.165336	f	\N
1684	corn	6	ear	f	3	2019-08-30 02:05:50.167335	2019-08-30 02:05:50.167335	f	\N
1685	vegetable oil	2	tbsp	f	3	2019-08-30 02:05:50.169313	2019-08-30 02:05:50.169313	f	\N
1686	onion	1		f	3	2019-08-30 02:05:50.171539	2019-08-30 02:05:50.171539	f	\N
1687	tomato	2		f	3	2019-08-30 02:05:50.174141	2019-08-30 02:05:50.174141	f	\N
1688	green bell pepper	3/4		f	3	2019-08-30 02:05:50.176383	2019-08-30 02:05:50.176383	f	\N
1689	green onions	2 1/4		f	3	2019-08-30 02:05:50.178591	2019-08-30 02:05:50.178591	f	\N
1690	cayenne pepper			f	3	2019-08-30 02:05:50.180677	2019-08-30 02:05:50.180677	f	\N
1691	bacon	8	strip	f	3	2019-08-30 02:05:50.182541	2019-08-30 02:05:50.182541	f	\N
1692	cucumber	4		f	3	2019-08-30 02:05:50.184491	2019-08-30 02:05:50.184491	f	\N
1693	red onion	3/4		f	3	2019-08-30 02:05:50.186445	2019-08-30 02:05:50.186445	f	\N
1694	kidney beans	1/4	cup	f	3	2019-08-30 02:05:50.188377	2019-08-30 02:05:50.188377	f	\N
1695	firm tofu	1/4	cup	f	3	2019-08-30 02:05:50.19033	2019-08-30 02:05:50.19033	f	\N
1696	basil	2	tbsp	f	3	2019-08-30 02:05:50.192244	2019-08-30 02:05:50.192244	f	\N
1697	balsamic vinaigrette	1/4	cup	f	3	2019-08-30 02:05:50.194364	2019-08-30 02:05:50.194364	f	\N
1698	black pepper			f	3	2019-08-30 02:05:50.196375	2019-08-30 02:05:50.196375	f	\N
1699	rice vinegar	1/2	cup	f	3	2019-08-30 02:05:50.198285	2019-08-30 02:05:50.198285	f	\N
3642	sunscreen	2	\N	t	5	2020-11-16 06:20:28.952272	2020-12-28 01:44:35.834746	t	\N
7888	white sugar	3/4	cup	f	1	2021-01-06 06:52:58.998284	2021-01-06 06:52:58.998284	f	\N
7889	rice vinegar	1/2	cup	f	1	2021-01-06 06:52:59.142082	2021-01-06 06:52:59.142082	f	\N
7890	jalapeno	2		f	1	2021-01-06 06:52:59.293647	2021-01-06 06:52:59.293647	f	\N
7891	cilantro	1/4	bunch	f	1	2021-01-06 06:52:59.46342	2021-01-06 06:52:59.46342	f	\N
7892	peanut	1/2	cup	f	1	2021-01-06 06:52:59.614665	2021-01-06 06:52:59.614665	f	\N
7893	white rice	3	cup	f	1	2021-01-06 06:52:59.784323	2021-01-06 06:52:59.784323	f	\N
1700	jalapeno	2		f	3	2019-08-30 02:05:50.200191	2019-08-30 02:05:50.200191	f	\N
7894	milk	2	cup	f	1	2021-01-06 06:52:59.976624	2021-01-06 06:52:59.976624	f	\N
1701	cilantro	1/4	cup	f	3	2019-08-30 02:05:50.202257	2019-08-30 02:05:50.202257	f	\N
1702	peanut	1/2	cup	f	3	2019-08-30 02:05:50.20414	2019-08-30 02:05:50.20414	f	\N
7895	egg	1		f	1	2021-01-06 06:53:00.150325	2021-01-06 06:53:00.150325	f	\N
1703	apple	6		f	3	2019-08-30 02:06:25.642633	2019-08-30 02:06:33.341341	f	\N
7899	cucumber	3		f	1	2021-01-06 06:54:14.142476	2021-01-06 06:54:14.142476	f	\N
7900	cat litter	22	lb	f	5	2021-01-10 22:20:21.339768	2021-01-10 22:32:23.185261	t	other
7910	ground oat	1	cup	f	5	2021-01-10 23:41:16.651978	2021-01-10 23:41:16.651978	f	\N
7911	unsweetened cocoa powder	1/3	cup	f	5	2021-01-10 23:41:16.655796	2021-01-10 23:41:16.655796	f	\N
7912	baking soda	1	tsp	f	5	2021-01-10 23:41:16.659698	2021-01-10 23:41:16.659698	f	\N
7913	cinnamon	1	tsp	f	5	2021-01-10 23:41:16.664814	2021-01-10 23:41:16.664814	f	\N
7914	salt	1/4	tsp	f	5	2021-01-10 23:41:16.668138	2021-01-10 23:41:16.668138	f	\N
7915	unsweetened applesauce	1/2	cup	f	5	2021-01-10 23:41:16.671376	2021-01-10 23:41:16.671376	f	\N
1114	cucumber	4		f	4	2019-08-28 00:01:28.595771	2019-08-28 00:01:28.595771	f	\N
1115	salt			f	4	2019-08-28 00:01:28.597974	2019-08-28 00:01:28.597974	f	\N
1116	white sugar	3/4	cup	f	4	2019-08-28 00:01:28.60012	2019-08-28 00:01:28.60012	f	\N
1117	rice vinegar	1/2	cup	f	4	2019-08-28 00:01:28.60208	2019-08-28 00:01:28.60208	f	\N
1118	jalapeno	2		f	4	2019-08-28 00:01:28.604253	2019-08-28 00:01:28.604253	f	\N
1119	cilantro	1/4	cup	f	4	2019-08-28 00:01:28.606152	2019-08-28 00:01:28.606152	f	\N
1120	peanut	1/2	cup	f	4	2019-08-28 00:01:28.607986	2019-08-28 00:01:28.607986	f	\N
1121	tomato	1		f	4	2019-08-28 00:01:28.610023	2019-08-28 00:01:28.610023	f	\N
1122	red onion	3/4		f	4	2019-08-28 00:01:28.612012	2019-08-28 00:01:28.612012	f	\N
1123	kidney beans	1/4	cup	f	4	2019-08-28 00:01:28.61407	2019-08-28 00:01:28.61407	f	\N
1124	firm tofu	1/4	cup	f	4	2019-08-28 00:01:28.616755	2019-08-28 00:01:28.616755	f	\N
1125	basil	2	tbsp	f	4	2019-08-28 00:01:28.618846	2019-08-28 00:01:28.618846	f	\N
1126	balsamic vinaigrette	1/4	cup	f	4	2019-08-28 00:01:28.620977	2019-08-28 00:01:28.620977	f	\N
7916	maple syrup	1/4	cup	f	5	2021-01-10 23:41:16.674229	2021-01-10 23:41:16.674229	f	\N
7917	ground flaxseed	1	tbsp	f	5	2021-01-10 23:41:16.679114	2021-01-10 23:41:16.679114	f	\N
7918	vanilla extract	1	tsp	f	5	2021-01-10 23:41:16.683142	2021-01-10 23:41:16.683142	f	\N
7919	green onion	1		f	5	2021-01-10 23:41:16.686243	2021-01-10 23:41:16.686243	f	\N
7920	chocolate	3	bar	f	5	2021-01-10 23:41:16.689574	2021-01-10 23:41:16.689574	f	\N
1127	black pepper			f	4	2019-08-28 00:01:28.622864	2019-08-28 00:01:28.622864	f	\N
1128	white rice	3	cup	f	4	2019-08-28 00:01:28.624732	2019-08-28 00:01:28.624732	f	\N
1129	milk	2	cup	f	4	2019-08-28 00:01:28.626682	2019-08-28 00:01:28.626682	f	\N
1130	apple	2		f	4	2019-08-28 00:01:55.577308	2019-08-28 00:01:55.577308	f	\N
\.


--
-- Data for Name: ingredients; Type: TABLE DATA; Schema: public; Owner: susannahsun
--

COPY public.ingredients (id, name, created_at, updated_at, myrecipeingredientlink_id, category) FROM stdin;
3	milk	2019-08-13 00:19:58.771312	2020-11-16 18:18:52.435551	\N	dairy
4	white sugar	2019-08-13 00:20:12.781963	2020-11-16 18:19:42.622302	\N	other
5	cucumber	2019-08-13 23:58:11.472577	2020-11-16 18:20:03.139428	\N	produce
6	banana	2019-08-20 18:04:05.601252	2020-11-16 18:20:22.589358	\N	produce
7	tomato	2019-08-20 18:04:19.846311	2020-11-16 18:20:41.320735	\N	produce
9	apple	2019-08-20 18:05:48.912833	2020-11-16 18:23:23.565046	\N	produce
10	cilantro	2019-08-20 18:06:06.9744	2020-11-16 18:23:44.28988	\N	produce
11	basil	2019-08-20 18:06:50.228451	2020-11-16 18:23:59.661412	\N	produce
12	bacon	2019-08-20 18:07:22.162853	2020-11-16 18:27:06.53278	\N	meat
14	egg	2019-08-20 18:08:04.311426	2020-11-16 18:42:18.120705	\N	other
15	linguine	2019-08-20 18:08:51.413083	2020-11-16 18:43:11.046993	\N	other
16	shrimp	2019-08-20 18:09:00.980333	2020-11-16 18:44:25.614883	\N	meat
17	yellow onion	2019-08-20 18:09:21.863242	2020-11-16 18:47:55.980635	\N	produce
18	red onion	2019-08-20 18:09:32.514156	2020-11-16 18:48:14.993135	\N	produce
19	green bell pepper	2019-08-20 18:09:48.513067	2020-11-16 18:48:30.910414	\N	produce
20	garlic	2019-08-20 18:09:53.729153	2020-11-16 18:49:42.785712	\N	produce
22	corn	2019-08-20 18:39:06.930644	2020-11-16 18:50:13.636154	\N	produce
23	vegetable oil	2019-08-20 18:39:23.991803	2020-11-16 18:52:35.238194	\N	other
24	onion	2019-08-20 18:39:36.500787	2020-11-16 18:52:50.053225	\N	produce
25	salt	2019-08-20 19:22:31.382179	2020-11-16 18:53:05.754347	\N	other
26	cayenne pepper	2019-08-20 19:22:50.652671	2020-11-16 18:53:21.873161	\N	other
28	honey	2019-08-20 21:02:00.594656	2020-11-16 18:53:54.813187	\N	other
29	mustard	2019-08-20 21:02:10.098491	2020-11-16 18:54:07.562117	\N	other
30	lemon pepper	2019-08-20 21:02:17.305421	2020-11-16 18:54:26.544534	\N	other
31	mozzarella cheese	2019-08-20 21:15:12.470054	2020-11-16 18:55:17.724349	\N	dairy
32	butter	2019-08-20 21:21:16.307382	2020-11-16 18:55:31.892759	\N	dairy
33	whipping cream	2019-08-20 21:21:55.046111	2020-11-16 18:55:45.635626	\N	dairy
35	thyme	2019-08-20 21:22:44.202193	2020-11-16 18:59:40.207681	\N	other
36	parmesan cheese	2019-08-20 21:23:11.579473	2020-11-16 19:27:58.297443	\N	dairy
37	black pepper	2019-08-20 21:23:32.455289	2020-11-16 19:28:17.158542	\N	other
38	rice vinegar	2019-08-20 21:28:39.137607	2020-11-16 19:28:30.875889	\N	other
39	jalapeno	2019-08-20 21:28:52.386906	2020-11-16 19:28:47.685406	\N	produce
78	ginger powder	2020-10-05 23:26:55.039585	2020-11-16 20:00:43.360079	\N	other
42	firm tofu	2019-08-20 21:36:26.845227	2020-11-16 19:37:10.987556	\N	other
43	balsamic vinaigrette	2019-08-20 21:37:44.588654	2020-11-16 19:38:56.237434	\N	other
44	olive oil	2019-08-20 21:43:24.241524	2020-11-16 19:39:52.326567	\N	other
45	chicken bouillon	2019-08-20 21:44:41.664024	2020-11-16 19:43:02.970995	\N	other
46	water	2019-08-20 21:44:50.371253	2020-11-16 19:43:28.167424	\N	other
47	heavy cream	2019-08-20 21:45:02.276592	2020-11-16 19:43:44.680221	\N	dairy
49	lemon juice	2019-08-22 23:23:04.918038	2020-11-16 19:44:47.3686	\N	other
50	unsweetened almond milk	2019-08-22 23:23:32.201788	2020-11-16 19:45:14.289242	\N	other
51	almond milk	2019-08-22 23:31:08.659487	2020-11-16 19:46:45.236402	\N	other
52	avocado	2019-08-22 23:31:52.52031	2020-11-16 19:46:59.222632	\N	produce
53	ice cube	2019-08-22 23:49:16.682348	2020-11-16 19:47:16.993838	\N	other
54	vanilla extract	2019-08-22 23:49:52.264764	2020-11-16 19:47:28.997511	\N	other
56	red wine vinegar	2019-08-23 01:52:49.682665	2020-11-16 19:50:29.047721	\N	other
57	oregano	2019-08-23 01:54:18.347006	2020-11-16 19:50:42.890716	\N	other
58	spinach	2019-08-23 05:11:25.506804	2020-11-16 19:50:56.666399	\N	produce
59	raisin	2019-08-28 16:40:28.622065	2020-11-16 19:51:11.534145	\N	other
60	chicken thigh	2019-10-06 22:11:18.430536	2020-11-16 19:51:37.954659	\N	meat
61	chicken drumstick	2020-10-05 22:50:11.597647	2020-11-16 19:51:54.268178	\N	meat
64	all-purpose flour	2020-10-05 22:55:01.789288	2020-11-16 19:52:46.840332	\N	other
65	butter unsalted	2020-10-05 22:55:39.002267	2020-11-16 19:53:04.245869	\N	dairy
66	extra virgin olive oil	2020-10-05 22:56:03.630453	2020-11-16 19:53:18.12607	\N	other
67	garlic powder	2020-10-05 22:56:22.30596	2020-11-16 19:53:34.016255	\N	other
68	onion powder	2020-10-05 22:56:32.156943	2020-11-16 19:53:50.8283	\N	other
69	paprika	2020-10-05 22:56:44.217401	2020-11-16 19:54:02.403697	\N	other
71	grapefruit	2020-10-05 23:10:56.812564	2020-11-16 19:54:40.644228	\N	produce
72	lime	2020-10-05 23:12:09.601404	2020-11-16 19:54:58.792148	\N	produce
73	virgin coconut oil	2020-10-05 23:13:10.993296	2020-11-16 19:55:11.482009	\N	other
74	ripe banana	2020-10-05 23:25:17.344228	2020-11-16 19:55:40.99247	\N	produce
75	frozen fruit medley	2020-10-05 23:25:36.763051	2020-11-16 19:55:58.659774	\N	frozen
77	chia seeds	2020-10-05 23:26:35.924244	2020-11-16 19:59:50.54769	\N	nuts & seeds
40	peanut	2019-08-20 21:29:14.120444	2020-11-16 20:00:18.470755	\N	nuts & seeds
63	green bean	2020-10-05 22:50:56.046267	2020-12-07 19:53:00.287764	\N	produce
80	unsweetened cocoa powder	2020-10-16 16:04:06.775438	2020-11-16 20:04:41.585962	\N	other
81	baking soda	2020-10-16 16:04:26.391396	2020-11-16 20:04:52.557096	\N	other
83	unsweetened applesauce	2020-10-16 16:09:24.296185	2020-11-16 20:05:21.149786	\N	other
84	maple syrup	2020-10-16 16:09:43.33549	2020-11-16 20:05:31.971268	\N	other
85	ground flaxseed	2020-10-16 16:10:31.82463	2020-11-16 20:05:57.51094	\N	nuts & seeds
86	assorted bell pepper	2020-10-16 16:52:13.499803	2020-11-16 20:06:12.601507	\N	produce
87	baby spinach	2020-10-16 16:53:27.38239	2020-11-16 20:06:29.044524	\N	produce
88	pepper	2020-10-16 16:53:44.414895	2020-11-16 20:06:45.401036	\N	other
90	cheddar cheese	2020-10-16 16:54:12.621158	2020-11-16 20:07:20.797786	\N	dairy
91	wonton wrapper	2020-10-16 17:07:32.991982	2020-11-16 20:07:45.594231	\N	other
92	peeled shrimp	2020-10-16 17:10:52.515458	2020-11-16 20:08:00.349038	\N	meat
93	chili powder	2020-10-16 17:11:31.980071	2020-11-16 20:08:13.639101	\N	other
94	sea salt	2020-10-16 17:11:53.086395	2020-11-16 20:08:25.237394	\N	other
96	oil	2020-10-16 22:59:56.763599	2020-11-16 20:08:54.475984	\N	other
97	worcestershire sauce	2020-10-16 23:00:57.478717	2020-11-16 20:09:13.621457	\N	other
98	horseradish	2020-10-16 23:01:08.675181	2020-11-16 20:09:26.408586	\N	other
99	green pepper	2020-10-16 23:01:25.820581	2020-11-16 20:09:51.862035	\N	produce
100	mushroom	2020-10-16 23:01:50.027981	2020-11-16 20:10:08.748867	\N	produce
101	steak sauce	2020-10-16 23:02:09.403712	2020-11-16 20:10:24.931807	\N	other
103	carrot	2020-10-17 03:14:39.215579	2020-11-16 20:10:56.203308	\N	produce
104	kombu	2020-10-17 03:15:13.233115	2020-11-16 20:11:41.268576	\N	other
108	ramen noodle	2020-10-17 03:19:49.771347	2020-12-06 18:35:40.265116	\N	other
106	ginger	2020-10-17 03:17:30.588223	2020-11-16 20:12:19.637724	\N	produce
107	soy sauce	2020-10-17 03:17:43.39173	2020-11-16 20:12:39.73563	\N	other
79	ground oat	2020-10-16 16:03:20.036235	2020-12-07 17:16:22.75912	\N	other
105	dried shiitake mushroom	2020-10-17 03:15:35.158094	2020-12-06 18:30:53.347137	\N	other
1	white rice	2019-08-12 23:45:31.748522	2020-11-16 18:18:12.215462	\N	other
8	peach	2019-08-20 18:05:38.315623	2020-11-16 18:20:56.691476	\N	produce
13	prosciutto	2019-08-20 18:07:50.620735	2020-11-16 18:28:42.798837	\N	meat
27	chicken breast	2019-08-20 21:01:53.635111	2020-11-16 18:53:35.730747	\N	meat
34	parsley	2019-08-20 21:22:16.684144	2020-11-16 18:59:22.209983	\N	other
48	strawberry	2019-08-22 22:18:40.142241	2020-11-16 19:44:26.690923	\N	produce
55	red chili pepper	2019-08-23 01:52:32.235116	2020-11-16 19:50:15.950363	\N	produce
62	frozen corn	2020-10-05 22:50:23.554106	2020-11-16 19:52:08.897808	\N	frozen
70	butter lettuce	2020-10-05 23:10:31.097715	2020-11-16 19:54:21.734474	\N	produce
76	coconut oil	2020-10-05 23:26:17.63895	2020-11-16 19:56:12.799778	\N	other
82	cinnamon	2020-10-16 16:08:33.215704	2020-11-16 20:05:09.042146	\N	other
89	english muffin	2020-10-16 16:53:58.700948	2020-11-16 20:07:04.454733	\N	other
95	sirloin steak	2020-10-16 22:59:33.621324	2020-11-16 20:08:37.620294	\N	meat
109	chashu pork	2020-10-17 03:22:31.64922	2020-11-16 20:13:21.734712	\N	meat
110	mirin	2020-10-17 03:23:11.434864	2020-11-16 20:13:37.021686	\N	other
21	green onion	2019-08-20 18:10:23.38821	2020-11-28 21:54:16.033253	\N	produce
111	asparagus	2020-11-30 01:57:37.118673	2020-11-30 01:57:37.118673	\N	produce
102	chicken wing	2020-10-17 03:14:29.917691	2020-12-05 06:24:17.605256	\N	meat
41	kidney bean	2019-08-20 21:35:47.516321	2020-12-07 20:02:08.244626	\N	other
112	snow pea	2021-01-10 21:59:17.174296	2021-01-10 21:59:17.174296	\N	produce
113	bison	2021-01-10 22:15:10.359437	2021-01-10 22:15:10.359437	\N	meat
114	stevia	2021-01-10 22:46:51.007299	2021-01-10 22:46:51.007299	\N	other
115	chocolate	2021-01-10 23:39:58.58874	2021-01-10 23:39:58.58874	\N	other
116	bamboo shoot	2021-01-16 19:21:18.320288	2021-01-16 19:21:18.320288	\N	other
\.


--
-- Data for Name: leftover_usage_mealplan_links; Type: TABLE DATA; Schema: public; Owner: susannahsun
--

COPY public.leftover_usage_mealplan_links (id, leftover_usage_id, mealplan_id, created_at, updated_at) FROM stdin;
260	349	1	2021-01-06 04:59:27.733366	2021-01-06 04:59:27.733366
261	350	1	2021-01-06 04:59:27.752163	2021-01-06 04:59:27.752163
262	351	1	2021-01-06 04:59:27.764832	2021-01-06 04:59:27.764832
263	352	1	2021-01-06 04:59:27.777195	2021-01-06 04:59:27.777195
264	353	1	2021-01-06 04:59:27.789337	2021-01-06 04:59:27.789337
265	354	1	2021-01-06 04:59:27.800418	2021-01-06 04:59:27.800418
266	355	1	2021-01-06 04:59:27.811555	2021-01-06 04:59:27.811555
267	356	1	2021-01-06 04:59:27.823323	2021-01-06 04:59:27.823323
280	369	4	2021-01-10 23:14:19.036627	2021-01-10 23:14:19.036627
281	370	4	2021-01-10 23:14:19.055329	2021-01-10 23:14:19.055329
\.


--
-- Data for Name: leftover_usages; Type: TABLE DATA; Schema: public; Owner: susannahsun
--

COPY public.leftover_usages (id, quantity, unit, created_at, updated_at, user_id, ingredient_id, myrecipe_id, mealplan_id, leftover_usage_mealplan_links_id) FROM stdin;
104	1/4	cup	2020-10-22 22:24:18.355757	2020-10-22 22:24:18.355757	1	3	2	\N	\N
105	1/4	cup	2020-10-22 22:24:18.388191	2020-10-22 22:24:18.388191	1	21	2	\N	\N
106	8	strip	2020-10-22 22:24:18.439013	2020-10-22 22:24:18.439013	1	12	2	\N	\N
107	12	\N	2020-10-25 05:42:31.443677	2020-10-25 05:42:31.443677	1	48	8	\N	\N
111	1	\N	2020-11-17 05:49:53.005278	2020-11-17 05:49:53.005278	5	5	5	\N	\N
112	1/3	cup	2020-11-17 06:26:45.466892	2020-11-17 06:26:45.466892	5	4	1	\N	\N
114	3	cup	2020-11-17 23:54:32.043895	2020-11-17 23:54:32.043895	5	1	1	\N	\N
115	2	cup	2020-11-17 23:54:34.442418	2020-11-17 23:54:34.442418	5	3	1	\N	\N
116	1/3	cup	2020-11-17 23:54:36.335204	2020-11-17 23:54:36.335204	5	4	1	\N	\N
117	1		2020-11-17 23:54:42.33977	2020-11-17 23:54:42.33977	5	14	1	\N	\N
118	2/3	cup	2020-11-17 23:54:44.269609	2020-11-17 23:54:44.269609	5	59	1	\N	\N
119	1	tbsp	2020-11-17 23:54:46.244887	2020-11-17 23:54:46.244887	5	32	1	\N	\N
120	1/2	tsp	2020-11-17 23:54:48.135665	2020-11-17 23:54:48.135665	5	54	1	\N	\N
121	1/4	cup	2020-11-24 02:56:54.052121	2020-11-24 02:56:54.052121	5	3	2	\N	\N
122	1	\N	2020-11-24 03:22:42.482449	2020-11-24 03:22:42.482449	5	5	6	\N	\N
123	2	cup	2020-11-24 05:31:04.189345	2020-11-24 05:31:04.189345	5	18	9	\N	\N
124	1	\N	2020-11-24 05:31:04.223385	2020-11-24 05:31:04.223385	5	5	9	\N	\N
125	1	tsp	2020-11-24 05:33:38.933097	2020-11-24 05:33:38.933097	5	54	8	\N	\N
126	4	strip	2020-11-24 05:33:48.067758	2020-11-24 05:33:48.067758	5	12	3	\N	\N
127	72		2020-12-01 02:21:11.404119	2020-12-01 02:21:11.404119	1	48	8	\N	\N
134	1		2020-12-01 03:06:12.435983	2020-12-01 03:06:12.435983	1	52	8	\N	\N
135	3/4		2020-12-01 03:08:44.784538	2020-12-01 03:08:44.784538	1	6	8	\N	\N
136	12		2020-12-01 03:15:16.171028	2020-12-01 03:15:16.171028	1	48	8	\N	\N
137	1		2020-12-01 03:15:17.640477	2020-12-01 03:15:17.640477	1	6	8	\N	\N
138	3/4		2020-12-01 03:15:18.978471	2020-12-01 03:15:18.978471	1	52	8	\N	\N
139	12		2020-12-01 03:26:44.956621	2020-12-01 03:26:44.956621	1	48	8	\N	\N
140	12		2020-12-01 03:33:44.321828	2020-12-01 03:33:44.321828	1	48	8	\N	\N
141	12		2020-12-01 03:35:32.186922	2020-12-01 03:35:32.186922	1	48	8	\N	\N
142	1		2020-12-01 03:35:32.207583	2020-12-01 03:35:32.207583	1	6	8	\N	\N
143	1/3	cup	2020-12-01 03:35:32.226412	2020-12-01 03:35:32.226412	1	51	8	\N	\N
144	3/4		2020-12-01 03:35:32.238438	2020-12-01 03:35:32.238438	1	52	8	\N	\N
145	3	tbsp	2020-12-01 03:35:32.252491	2020-12-01 03:35:32.252491	1	28	8	\N	\N
146	1	tbsp	2020-12-01 03:35:32.268065	2020-12-01 03:35:32.268065	1	49	8	\N	\N
147	1	tsp	2020-12-01 03:35:32.316719	2020-12-01 03:35:32.316719	1	54	8	\N	\N
148	1/3	cup	2020-12-01 03:43:53.839475	2020-12-01 03:43:53.839475	1	51	8	\N	\N
149	3/4		2020-12-01 03:43:53.853117	2020-12-01 03:43:53.853117	1	52	8	\N	\N
150	3	tbsp	2020-12-01 03:43:53.867543	2020-12-01 03:43:53.867543	1	28	8	\N	\N
151	1	tsp	2020-12-01 03:43:53.889377	2020-12-01 03:43:53.889377	1	54	8	\N	\N
152	2	tbsp	2020-12-01 04:54:38.146976	2020-12-01 04:54:38.146976	5	32	7	\N	\N
153	6		2020-12-01 04:54:38.166783	2020-12-01 04:54:38.166783	5	27	7	\N	\N
154	4		2020-12-01 04:54:38.204125	2020-12-01 04:54:38.204125	5	21	7	\N	\N
155	2.0	tbsp	2020-12-07 06:50:57.370925	2020-12-07 06:50:57.370925	5	23	2	\N	\N
156	3.0		2020-12-07 07:37:31.169117	2020-12-07 07:37:31.169117	5	5	5	\N	\N
157	1.0	tbsp	2020-12-07 07:37:31.679441	2020-12-07 07:37:31.679441	5	25	5	\N	\N
158	0.5	cup	2020-12-07 07:37:32.579888	2020-12-07 07:37:32.579888	5	4	5	\N	\N
159	0.5	cup	2020-12-07 07:37:33.125195	2020-12-07 07:37:33.125195	5	38	5	\N	\N
160	2.0		2020-12-07 07:37:33.691332	2020-12-07 07:37:33.691332	5	39	5	\N	\N
161	0.25	bunch	2020-12-07 07:37:34.400882	2020-12-07 07:37:34.400882	5	10	5	\N	\N
162	0.5	cup	2020-12-07 07:37:34.998622	2020-12-07 07:37:34.998622	5	40	5	\N	\N
163	3.0		2020-12-07 07:58:14.87253	2020-12-07 07:58:14.87253	5	5	5	\N	\N
164	1.0	tbsp	2020-12-07 07:58:15.920145	2020-12-07 07:58:15.920145	5	25	5	\N	\N
165	0.5	cup	2020-12-07 07:58:16.706094	2020-12-07 07:58:16.706094	5	4	5	\N	\N
166	0.5	cup	2020-12-07 07:58:17.512005	2020-12-07 07:58:17.512005	5	38	5	\N	\N
167	2.0		2020-12-07 07:58:18.325891	2020-12-07 07:58:18.325891	5	39	5	\N	\N
168	0.25	bunch	2020-12-07 07:58:19.110761	2020-12-07 07:58:19.110761	5	10	5	\N	\N
169	0.5	cup	2020-12-07 07:58:19.880393	2020-12-07 07:58:19.880393	5	40	5	\N	\N
170	3.0		2020-12-07 08:04:03.785091	2020-12-07 08:04:03.785091	5	5	5	\N	\N
171	1.0	tbsp	2020-12-07 08:04:03.796265	2020-12-07 08:04:03.796265	5	25	5	\N	\N
172	0.5	cup	2020-12-07 08:04:03.806286	2020-12-07 08:04:03.806286	5	4	5	\N	\N
173	0.5	cup	2020-12-07 08:04:03.814959	2020-12-07 08:04:03.814959	5	38	5	\N	\N
174	2.0		2020-12-07 08:04:03.824721	2020-12-07 08:04:03.824721	5	39	5	\N	\N
175	0.25	bunch	2020-12-07 08:04:03.833098	2020-12-07 08:04:03.833098	5	10	5	\N	\N
176	0.5	cup	2020-12-07 08:04:03.863136	2020-12-07 08:04:03.863136	5	40	5	\N	\N
177	3.0		2020-12-07 08:06:41.71506	2020-12-07 08:06:41.71506	5	5	5	\N	\N
178	1.0	tbsp	2020-12-07 08:06:41.72499	2020-12-07 08:06:41.72499	5	25	5	\N	\N
179	0.5	cup	2020-12-07 08:06:41.733327	2020-12-07 08:06:41.733327	5	4	5	\N	\N
180	0.5	cup	2020-12-07 08:06:41.742803	2020-12-07 08:06:41.742803	5	38	5	\N	\N
181	2.0		2020-12-07 08:06:41.751703	2020-12-07 08:06:41.751703	5	39	5	\N	\N
182	0.25	bunch	2020-12-07 08:06:41.76057	2020-12-07 08:06:41.76057	5	10	5	\N	\N
183	0.5	cup	2020-12-07 08:06:41.768726	2020-12-07 08:06:41.768726	5	40	5	\N	\N
187	2	cup	2020-12-08 23:42:27.105814	2020-12-08 23:42:27.105814	1	51	18	\N	\N
188	6		2020-12-09 01:06:46.64076	2020-12-09 01:06:46.64076	1	61	16	\N	\N
200	1 1/2	kg	2020-12-21 02:33:02.347923	2020-12-21 02:33:02.347923	5	16	4	\N	\N
201	3	clove	2020-12-21 02:33:02.364791	2020-12-21 02:33:02.364791	5	20	4	\N	\N
202	1	cup	2020-12-21 02:33:02.374631	2020-12-21 02:33:02.374631	5	33	4	\N	\N
203	1/2	cup	2020-12-21 02:33:02.385044	2020-12-21 02:33:02.385044	5	34	4	\N	\N
204	3	tbsp	2020-12-21 02:33:02.393484	2020-12-21 02:33:02.393484	5	11	4	\N	\N
205	1/2	tsp	2020-12-21 02:33:02.403105	2020-12-21 02:33:02.403105	5	35	4	\N	\N
206	3/4	cup	2020-12-21 02:33:02.411545	2020-12-21 02:33:02.411545	5	36	4	\N	\N
284	1 1/2	kg	2020-12-27 01:31:20.972269	2020-12-27 01:31:20.972269	5	16	4	\N	\N
285	3	clove	2020-12-27 01:31:21.193656	2020-12-27 01:31:21.193656	5	20	4	\N	\N
286	1	cup	2020-12-27 01:31:21.203564	2020-12-27 01:31:21.203564	5	33	4	\N	\N
287	1/2	cup	2020-12-27 01:31:21.214077	2020-12-27 01:31:21.214077	5	34	4	\N	\N
288	3	tbsp	2020-12-27 01:31:21.223871	2020-12-27 01:31:21.223871	5	11	4	\N	\N
289	1/2	tsp	2020-12-27 01:31:21.232378	2020-12-27 01:31:21.232378	5	35	4	\N	\N
290	3/4	cup	2020-12-27 01:31:21.240733	2020-12-27 01:31:21.240733	5	36	4	\N	\N
293	1	pkg	2020-12-27 01:31:21.263136	2020-12-27 01:31:21.263136	5	15	4	\N	\N
294	2/3	kg	2020-12-27 02:30:08.824118	2020-12-27 02:30:08.824118	5	16	4	\N	\N
295	3	clove	2020-12-27 02:30:08.838801	2020-12-27 02:30:08.838801	5	20	4	\N	\N
296	1	cup	2020-12-27 02:30:08.848071	2020-12-27 02:30:08.848071	5	33	4	\N	\N
297	1/2	cup	2020-12-27 02:30:08.856204	2020-12-27 02:30:08.856204	5	34	4	\N	\N
298	3	tbsp	2020-12-27 02:30:08.865469	2020-12-27 02:30:08.865469	5	11	4	\N	\N
299	1/2	tsp	2020-12-27 02:30:08.873218	2020-12-27 02:30:08.873218	5	35	4	\N	\N
300	3/4	cup	2020-12-27 02:30:08.881831	2020-12-27 02:30:08.881831	5	36	4	\N	\N
303	1	pkg	2020-12-27 02:30:08.902513	2020-12-27 02:30:08.902513	5	15	4	\N	\N
304	2/3	kg	2020-12-27 04:45:52.045821	2020-12-27 04:45:52.045821	5	16	4	\N	\N
305	3	clove	2020-12-27 04:45:52.075587	2020-12-27 04:45:52.075587	5	20	4	\N	\N
306	1	cup	2020-12-27 04:45:52.085478	2020-12-27 04:45:52.085478	5	33	4	\N	\N
307	1/2	cup	2020-12-27 04:45:52.096977	2020-12-27 04:45:52.096977	5	34	4	\N	\N
308	3	tbsp	2020-12-27 04:45:52.108133	2020-12-27 04:45:52.108133	5	11	4	\N	\N
309	1/2	tsp	2020-12-27 04:45:52.11929	2020-12-27 04:45:52.11929	5	35	4	\N	\N
310	3/4	cup	2020-12-27 04:45:52.130239	2020-12-27 04:45:52.130239	5	36	4	\N	\N
313	1	pkg	2020-12-27 04:45:52.158768	2020-12-27 04:45:52.158768	5	15	4	\N	\N
314	2/3	kg	2020-12-27 04:56:50.459827	2020-12-27 04:56:50.459827	5	16	4	\N	\N
315	1 1/2	lb	2020-12-27 05:07:17.036187	2020-12-27 05:07:17.036187	5	16	4	\N	\N
316	6	tbsp	2020-12-27 05:07:17.048105	2020-12-27 05:07:17.048105	5	32	4	\N	\N
317	1	tbsp	2020-12-27 05:07:17.061037	2020-12-27 05:07:17.061037	5	20	4	\N	\N
318	1	cup	2020-12-27 05:07:17.07116	2020-12-27 05:07:17.07116	5	33	4	\N	\N
319	1/2	cup	2020-12-27 05:07:17.082471	2020-12-27 05:07:17.082471	5	34	4	\N	\N
320	3	tbsp	2020-12-27 05:07:17.09427	2020-12-27 05:07:17.09427	5	11	4	\N	\N
321	1/2	tsp	2020-12-27 05:07:17.106347	2020-12-27 05:07:17.106347	5	35	4	\N	\N
322	3/4	cup	2020-12-27 05:07:17.116291	2020-12-27 05:07:17.116291	5	36	4	\N	\N
323	to taste		2020-12-27 05:07:17.128564	2020-12-27 05:07:17.128564	5	25	4	\N	\N
324	to taste		2020-12-27 05:07:17.140401	2020-12-27 05:07:17.140401	5	37	4	\N	\N
325	1	pkg	2020-12-27 05:07:17.149845	2020-12-27 05:07:17.149845	5	15	4	\N	\N
326	1 1/2	lb	2020-12-27 05:17:01.734824	2020-12-27 05:17:01.734824	5	16	4	\N	\N
327	6	tbsp	2020-12-27 05:21:56.942355	2020-12-27 05:21:56.942355	5	32	4	\N	\N
328	1	tbsp	2020-12-27 05:22:01.876771	2020-12-27 05:22:01.876771	5	20	4	\N	\N
329	1	cup	2020-12-27 05:22:02.955104	2020-12-27 05:22:02.955104	5	33	4	\N	\N
330	1/2	cup	2020-12-27 05:22:04.152382	2020-12-27 05:22:04.152382	5	34	4	\N	\N
331	3	tbsp	2020-12-27 05:22:05.253681	2020-12-27 05:22:05.253681	5	11	4	\N	\N
332	1/2	tsp	2020-12-27 05:22:08.500967	2020-12-27 05:22:08.500967	5	35	4	\N	\N
333	3/4	cup	2020-12-27 05:22:09.516418	2020-12-27 05:22:09.516418	5	36	4	\N	\N
334	to taste		2020-12-27 05:22:10.711002	2020-12-27 05:22:10.711002	5	25	4	\N	\N
335	to taste		2020-12-27 05:22:11.812604	2020-12-27 05:22:11.812604	5	37	4	\N	\N
336	1	pkg	2020-12-27 05:22:12.804452	2020-12-27 05:22:12.804452	5	15	4	\N	\N
337	1 1/2	lb	2020-12-27 05:24:04.5021	2020-12-27 05:24:04.5021	5	16	4	\N	\N
338	1 1/2	lb	2020-12-27 05:27:35.117978	2020-12-27 05:27:35.117978	5	16	4	\N	\N
339	6	tbsp	2020-12-27 05:27:35.129446	2020-12-27 05:27:35.129446	5	32	4	\N	\N
340	1	tbsp	2020-12-27 05:27:35.140771	2020-12-27 05:27:35.140771	5	20	4	\N	\N
341	1	cup	2020-12-27 05:27:35.152045	2020-12-27 05:27:35.152045	5	33	4	\N	\N
342	1/2	cup	2020-12-27 05:27:35.164051	2020-12-27 05:27:35.164051	5	34	4	\N	\N
343	3	tbsp	2020-12-27 05:27:35.174949	2020-12-27 05:27:35.174949	5	11	4	\N	\N
344	1/2	tsp	2020-12-27 05:27:35.186788	2020-12-27 05:27:35.186788	5	35	4	\N	\N
345	3/4	cup	2020-12-27 05:27:35.19728	2020-12-27 05:27:35.19728	5	36	4	\N	\N
346	to taste		2020-12-27 05:27:35.20912	2020-12-27 05:27:35.20912	5	25	4	\N	\N
347	to taste		2020-12-27 05:27:35.220439	2020-12-27 05:27:35.220439	5	37	4	\N	\N
348	1	pkg	2020-12-27 05:27:35.232216	2020-12-27 05:27:35.232216	5	15	4	\N	\N
349	3	cup	2021-01-06 04:59:27.717677	2021-01-06 04:59:27.717677	1	1	1	\N	\N
350	2	cup	2021-01-06 04:59:27.750278	2021-01-06 04:59:27.750278	1	3	1	\N	\N
351	1/3	cup	2021-01-06 04:59:27.762911	2021-01-06 04:59:27.762911	1	4	1	\N	\N
352	1/4	tsp	2021-01-06 04:59:27.774939	2021-01-06 04:59:27.774939	1	25	1	\N	\N
353	1		2021-01-06 04:59:27.787247	2021-01-06 04:59:27.787247	1	14	1	\N	\N
354	2/3	cup	2021-01-06 04:59:27.798544	2021-01-06 04:59:27.798544	1	59	1	\N	\N
355	1	tbsp	2021-01-06 04:59:27.809698	2021-01-06 04:59:27.809698	1	32	1	\N	\N
356	1/2	tsp	2021-01-06 04:59:27.821116	2021-01-06 04:59:27.821116	1	54	1	\N	\N
369	1	cup	2021-01-10 23:14:19.029304	2021-01-10 23:14:19.029304	5	79	19	\N	\N
370	1	tbsp	2021-01-10 23:14:19.053289	2021-01-10 23:14:19.053289	5	114	19	\N	\N
\.


--
-- Data for Name: leftovers; Type: TABLE DATA; Schema: public; Owner: susannahsun
--

COPY public.leftovers (id, ingredient_id, user_id, quantity, unit, expiry_date, created_at, updated_at) FROM stdin;
246	61	1	3			2020-12-09 01:06:46.563508	2020-12-09 01:06:46.563508
46	3	3		\N	08-29	2019-08-30 02:05:15.707007	2019-08-30 02:05:15.707007
267	20	5	6	clove	\N	2020-12-21 02:48:47.361282	2020-12-27 05:27:35.138054
270	11	5	1/3	cup	\N	2020-12-21 02:48:47.388128	2020-12-27 05:27:35.172411
190	12	5	8	strip	\N	2020-11-24 02:57:06.528265	2020-11-24 05:33:48.075078
290	47	5	1/4	cup	\N	2020-12-28 01:23:55.321854	2020-12-28 01:23:55.321854
289	45	5	2	cube	\N	2020-12-28 01:22:13.382922	2020-12-28 01:32:14.275289
291	5	5	6		\N	2020-12-28 01:35:09.437967	2020-12-28 01:35:09.437967
292	24	5	3	\N	\N	2020-12-28 01:49:53.564557	2020-12-28 01:49:53.564557
278	15	5	3	pkg	\N	2020-12-27 04:45:52.155986	2020-12-28 02:03:12.672445
212	51	1	1	cup		2020-12-01 03:15:18.538891	2020-12-01 03:15:18.538891
275	36	5	1/2	cup	\N	2020-12-27 04:45:52.127547	2020-12-28 02:08:06.207704
24	41	3		\N		2019-08-27 18:11:45.361035	2019-08-27 18:11:45.361035
297	59	1	100	kg	\N	2021-01-06 04:59:27.795815	2021-01-06 04:59:27.795815
213	28	1	3/4	cup		2020-12-01 03:15:19.960246	2020-12-01 03:15:19.960246
298	32	1	14	kg	\N	2021-01-06 04:59:27.806937	2021-01-06 04:59:27.806937
29	5	2	3	\N		2019-08-27 21:01:46.961752	2019-08-27 21:01:46.961752
215	54	1	1	tsp		2020-12-01 03:15:21.447385	2021-01-06 04:59:27.818109
268	33	5	2	cup	\N	2020-12-21 02:48:47.370082	2020-12-21 04:02:52.58144
34	5	4	3	\N		2019-08-27 23:56:13.854921	2019-08-27 23:56:13.854921
35	41	4		\N		2019-08-27 23:56:50.467328	2019-08-27 23:56:50.467328
23	5	3	3			2019-08-27 18:11:34.477209	2019-08-28 18:14:32.61893
172	4	5	1	cup	\N	2020-11-17 02:34:58.231278	2020-11-17 23:54:36.695298
302	113	5	1	kg	\N	2021-01-10 22:15:10.375149	2021-01-10 22:16:33.578689
303	79	5	1/4	cup	\N	2021-01-10 22:46:50.970851	2021-01-10 22:46:50.970851
211	52	1	2			2020-12-01 02:25:53.757336	2020-12-01 03:43:53.858022
201	48	5	10	cup	\N	2020-11-24 05:33:38.89691	2021-01-14 01:26:54.055185
311	116	5	1		\N	2021-01-16 19:21:18.487702	2021-01-16 19:21:18.487702
230	75	1	1/2	cup		2020-12-08 23:40:53.432155	2020-12-08 23:40:53.432155
\.


--
-- Data for Name: likes; Type: TABLE DATA; Schema: public; Owner: susannahsun
--

COPY public.likes (id, user_id, review_id, created_at, updated_at) FROM stdin;
\.


--
-- Data for Name: mealplans; Type: TABLE DATA; Schema: public; Owner: susannahsun
--

COPY public.mealplans (id, user_id, created_at, updated_at, leftover_usage_mealplan_links_id) FROM stdin;
1	1	2019-08-23 18:14:52.51024	2019-08-23 18:14:52.51024	\N
2	3	2019-08-27 18:10:53.685221	2019-08-27 18:10:53.685221	\N
3	4	2019-08-27 23:53:35.94321	2019-08-27 23:53:35.94321	\N
4	5	2020-11-15 00:03:41.971016	2020-11-15 00:03:41.971016	\N
7	19	2020-12-27 23:05:55.613571	2020-12-27 23:05:55.613571	\N
8	20	2021-01-08 06:00:10.424624	2021-01-08 06:00:10.424624	\N
9	21	2021-01-13 05:52:46.511314	2021-01-13 05:52:46.511314	\N
\.


--
-- Data for Name: myrecipeingredientlinks; Type: TABLE DATA; Schema: public; Owner: susannahsun
--

COPY public.myrecipeingredientlinks (id, myrecipe_id, ingredient_id, quantity, unit, created_at, updated_at, expiry_date) FROM stdin;
1	1	1	3	cup	2019-08-12 23:45:31.750975	2019-08-12 23:45:31.750975	\N
6	1	3	2	cup	2019-08-13 00:19:58.772865	2019-08-13 00:19:58.772865	\N
7	1	4	1/3	cup	2019-08-13 00:20:12.782813	2019-08-13 00:20:12.782813	\N
26	3	27	4		2019-08-20 21:05:00.030504	2019-08-20 21:05:00.030504	\N
27	3	28	3/4	cup	2019-08-20 21:14:18.279249	2019-08-20 21:14:18.279249	\N
28	3	29	1/2	cup	2019-08-20 21:14:31.857813	2019-08-20 21:14:31.857813	\N
29	3	30	to taste		2019-08-20 21:14:37.771787	2019-08-20 21:14:37.771787	\N
30	3	12	4	strip	2019-08-20 21:14:50.485385	2019-08-20 21:14:50.485385	\N
31	3	31	1	cup	2019-08-20 21:15:12.471796	2019-08-20 21:15:23.808602	\N
32	4	16	1 1/2	lb	2019-08-20 21:20:56.87629	2019-08-20 21:20:56.87629	\N
33	4	32	6	tbsp	2019-08-20 21:21:16.308402	2019-08-20 21:21:16.308402	\N
34	4	20	1	tbsp	2019-08-20 21:21:41.367819	2019-08-20 21:21:41.367819	\N
35	4	33	1	cup	2019-08-20 21:21:55.046992	2019-08-20 21:21:55.046992	\N
36	4	34	1/2	cup	2019-08-20 21:22:16.68564	2019-08-20 21:22:16.68564	\N
37	4	11	3	tbsp	2019-08-20 21:22:30.875766	2019-08-20 21:22:30.875766	\N
38	4	35	1/2	tsp	2019-08-20 21:22:44.204179	2019-08-20 21:22:54.747889	\N
39	4	36	3/4	cup	2019-08-20 21:23:11.580782	2019-08-20 21:23:11.580782	\N
40	4	25	to taste		2019-08-20 21:23:22.644705	2019-08-20 21:23:22.644705	\N
41	4	37	to taste		2019-08-20 21:23:32.456239	2019-08-20 21:23:32.456239	\N
42	4	15	1	pkg	2019-08-20 21:23:56.264007	2019-08-20 21:23:56.264007	\N
43	5	5	3		2019-08-20 21:27:18.624798	2019-08-20 21:27:18.624798	\N
44	5	25	1	tbsp	2019-08-20 21:27:42.076072	2019-08-20 21:27:42.076072	\N
45	5	4	1/2	cup	2019-08-20 21:27:56.287745	2019-08-20 21:27:56.287745	\N
46	5	38	1/2	cup	2019-08-20 21:28:39.13874	2019-08-20 21:28:39.13874	\N
47	5	39	2		2019-08-20 21:28:52.388135	2019-08-20 21:28:52.388135	\N
48	5	10	1/4	cup	2019-08-20 21:29:03.068825	2019-08-20 21:29:03.068825	\N
49	5	40	1/2	cup	2019-08-20 21:29:14.121444	2019-08-20 21:29:14.121444	\N
50	6	7	1		2019-08-20 21:35:00.906178	2019-08-20 21:35:00.906178	\N
51	6	5	1		2019-08-20 21:35:09.831111	2019-08-20 21:35:09.831111	\N
52	6	18	1/4	cup	2019-08-20 21:35:24.045866	2019-08-20 21:35:24.045866	\N
53	6	41	1/4	cup	2019-08-20 21:35:47.517394	2019-08-20 21:35:47.517394	\N
54	6	42	1/4	cup	2019-08-20 21:36:26.846401	2019-08-20 21:36:26.846401	\N
55	6	11	2	tbsp	2019-08-20 21:37:18.711529	2019-08-20 21:37:18.711529	\N
56	6	43	1/4	cup	2019-08-20 21:37:44.58986	2019-08-20 21:37:44.58986	\N
57	6	25	to taste		2019-08-20 21:37:53.423494	2019-08-20 21:37:53.423494	\N
58	6	37	to taste		2019-08-20 21:37:59.866704	2019-08-20 21:37:59.866704	\N
59	7	44	1	tbsp	2019-08-20 21:43:24.242814	2019-08-20 21:43:24.242814	\N
60	7	32	2	tbsp	2019-08-20 21:43:31.229488	2019-08-20 21:43:31.229488	\N
61	7	20	1	clove	2019-08-20 21:43:39.646786	2019-08-20 21:43:39.646786	\N
62	7	27	6		2019-08-20 21:44:03.343111	2019-08-20 21:44:03.343111	\N
63	7	15	1	pkg	2019-08-20 21:44:21.053884	2019-08-20 21:44:21.053884	\N
64	7	24	1		2019-08-20 21:44:28.428927	2019-08-20 21:44:28.428927	\N
65	7	45	1	cube	2019-08-20 21:44:41.665236	2019-08-20 21:44:41.665236	\N
66	7	46	1/2	cup	2019-08-20 21:44:50.372218	2019-08-20 21:44:50.372218	\N
67	7	47	1 1/4	cup	2019-08-20 21:45:02.277722	2019-08-20 21:45:02.277722	\N
68	7	21	4		2019-08-20 21:45:10.750849	2019-08-20 21:45:10.750849	\N
69	7	36	1	cup	2019-08-20 21:45:20.229513	2019-08-20 21:45:20.229513	\N
71	8	48	1 1/2	cup	2019-08-22 22:18:40.144727	2019-08-22 22:18:40.144727	\N
72	8	6	1		2019-08-22 22:23:10.176457	2019-08-22 22:23:10.176457	\N
77	8	51	1/3	cup	2019-08-22 23:30:55.847656	2019-08-22 23:31:08.702109	\N
84	8	52	1 1/2	cup	2019-08-22 23:35:01.083989	2019-08-22 23:35:01.083989	\N
73	8	28	3	tbsp	2019-08-22 22:29:20.354121	2019-08-22 23:48:13.252862	\N
74	8	49	1	tbsp	2019-08-22 23:23:04.922747	2019-08-22 23:48:57.738398	\N
85	8	53	1/3	cup	2019-08-22 23:49:16.684588	2019-08-22 23:49:29.621287	\N
88	9	55	1		2019-08-23 01:52:32.236807	2019-08-23 01:52:32.236807	\N
89	9	56	4	tbsp	2019-08-23 01:52:49.683785	2019-08-23 01:52:49.683785	\N
90	9	18	2		2019-08-23 01:53:01.780826	2019-08-23 01:53:01.780826	\N
91	9	44	4	tbsp	2019-08-23 01:53:18.379398	2019-08-23 01:53:18.379398	\N
92	9	25	to taste		2019-08-23 01:53:49.47996	2019-08-23 01:53:49.47996	\N
93	9	37	to taste		2019-08-23 01:53:55.72614	2019-08-23 01:53:55.72614	\N
94	9	5	1		2019-08-23 01:54:04.970116	2019-08-23 01:54:04.970116	\N
95	9	57	1/4	tsp	2019-08-23 01:54:18.348041	2019-08-23 01:54:18.348041	\N
87	8	54	1	tsp	2019-08-22 23:50:11.00703	2019-08-26 22:19:46.344789	\N
99	1	25	1/4	tsp	2019-08-28 16:39:32.839619	2019-08-28 16:39:32.839619	\N
100	1	14	1		2019-08-28 16:39:54.445866	2019-08-28 16:39:54.445866	\N
101	1	59	2/3	cup	2019-08-28 16:40:28.627192	2019-08-28 16:40:28.627192	\N
102	1	32	1	tbsp	2019-08-28 16:40:58.337424	2019-08-28 16:40:58.337424	\N
103	1	54	1/2	tsp	2019-08-28 16:41:15.834255	2019-08-28 16:41:15.834255	\N
104	15	60	12		2019-10-06 22:11:18.432963	2019-10-06 22:11:18.432963	\N
105	16	61	6		2020-10-05 22:50:11.599792	2020-10-05 22:50:11.599792	\N
106	16	62	3	cup	2020-10-05 22:50:23.556358	2020-10-05 22:50:23.556358	\N
107	16	63	1	lb	2020-10-05 22:50:56.049306	2020-10-05 22:50:56.049306	\N
108	16	47	1/2	cup	2020-10-05 22:51:36.659197	2020-10-05 22:51:36.659197	\N
109	16	64	to taste		2020-10-05 22:55:01.790491	2020-10-05 22:55:01.790491	\N
110	16	37	to taste		2020-10-05 22:55:16.184275	2020-10-05 22:55:16.184275	\N
111	16	65	to taste		2020-10-05 22:55:39.003525	2020-10-05 22:55:39.003525	\N
112	16	26	to taste		2020-10-05 22:55:52.465396	2020-10-05 22:55:52.465396	\N
113	16	66	to taste		2020-10-05 22:56:03.631945	2020-10-05 22:56:03.631945	\N
114	16	67	to taste		2020-10-05 22:56:22.307611	2020-10-05 22:56:22.307611	\N
115	16	68	to taste		2020-10-05 22:56:32.158732	2020-10-05 22:56:32.158732	\N
116	16	69	to taste		2020-10-05 22:56:44.220052	2020-10-05 22:56:44.220052	\N
117	16	25	to taste		2020-10-05 22:57:02.477788	2020-10-05 22:57:02.477788	\N
118	16	35	to taste		2020-10-05 22:57:09.418018	2020-10-05 22:57:09.418018	\N
119	17	52	2		2020-10-05 23:08:51.48093	2020-10-05 23:08:51.48093	\N
120	17	70	2	head	2020-10-05 23:10:31.098772	2020-10-05 23:10:31.098772	\N
121	17	20	2	clove	2020-10-05 23:10:45.343021	2020-10-05 23:10:45.343021	\N
122	17	71	2		2020-10-05 23:10:56.813625	2020-10-05 23:10:56.813625	\N
123	17	72	1		2020-10-05 23:12:09.603996	2020-10-05 23:12:09.603996	\N
124	17	16	1.5	lb	2020-10-05 23:12:28.996926	2020-10-05 23:12:28.996926	\N
125	17	37	to taste		2020-10-05 23:12:42.885046	2020-10-05 23:12:42.885046	\N
126	17	28	to taste		2020-10-05 23:12:53.281564	2020-10-05 23:12:53.281564	\N
127	17	25	to taste		2020-10-05 23:13:00.941104	2020-10-05 23:13:00.941104	\N
11	2	23	2	tbsp	2019-08-20 18:39:23.992988	2019-08-20 18:39:23.992988	\N
128	17	73	to taste		2020-10-05 23:13:10.996429	2020-10-05 23:13:10.996429	\N
129	18	51	1	cup	2020-10-05 23:25:07.006698	2020-10-05 23:25:07.006698	\N
130	18	74	1		2020-10-05 23:25:17.347194	2020-10-05 23:25:17.347194	\N
131	18	75	1	cup	2020-10-05 23:25:36.76584	2020-10-05 23:25:36.76584	\N
132	18	76	1	tbsp	2020-10-05 23:26:17.640242	2020-10-05 23:26:17.640242	\N
133	18	77	2	tbsp	2020-10-05 23:26:35.925614	2020-10-05 23:26:35.925614	\N
134	18	78	1	tsp	2020-10-05 23:26:55.040443	2020-10-05 23:26:55.040443	\N
135	19	79	1 1/4	cup	2020-10-16 16:03:20.038503	2020-10-16 16:03:20.038503	\N
136	19	80	1/3	cup	2020-10-16 16:04:06.778227	2020-10-16 16:04:06.778227	\N
137	19	81	1	tsp	2020-10-16 16:04:26.392577	2020-10-16 16:04:26.392577	\N
138	19	82	1	tsp	2020-10-16 16:08:33.218094	2020-10-16 16:08:33.218094	\N
139	19	25	1/4	tsp	2020-10-16 16:08:45.479268	2020-10-16 16:08:45.479268	\N
140	19	83	1/2	cup	2020-10-16 16:09:24.297688	2020-10-16 16:09:24.297688	\N
141	19	84	1/4	cup	2020-10-16 16:09:43.336915	2020-10-16 16:09:43.336915	\N
142	19	85	1	tbsp	2020-10-16 16:10:31.826137	2020-10-16 16:10:31.826137	\N
143	19	54	1	tsp	2020-10-16 16:11:03.849362	2020-10-16 16:11:03.849362	\N
144	20	14	6		2020-10-16 16:51:08.050564	2020-10-16 16:51:08.050564	\N
145	20	44	1	tsp	2020-10-16 16:51:25.081505	2020-10-16 16:51:25.081505	\N
146	20	24	1/2		2020-10-16 16:51:38.909726	2020-10-16 16:51:38.909726	\N
147	20	20	2	clove	2020-10-16 16:51:52.144894	2020-10-16 16:51:52.144894	\N
148	20	86	2		2020-10-16 16:52:13.501783	2020-10-16 16:52:13.501783	\N
149	20	87	1/2	lb	2020-10-16 16:53:27.383993	2020-10-16 16:53:27.383993	\N
150	20	25	to taste		2020-10-16 16:53:38.056627	2020-10-16 16:53:38.056627	\N
152	20	89	6		2020-10-16 16:53:58.702467	2020-10-16 16:53:58.702467	\N
153	20	90	6	slice	2020-10-16 16:54:12.622653	2020-10-16 16:54:12.622653	\N
154	21	91	15		2020-10-16 17:07:32.993451	2020-10-16 17:07:32.993451	\N
156	21	25	to taste		2020-10-16 17:08:04.591711	2020-10-16 17:08:04.591711	\N
155	21	44	2	tbsp	2020-10-16 17:07:45.880158	2020-10-16 17:09:41.396195	\N
157	21	92	12		2020-10-16 17:09:59.821602	2020-10-16 17:10:52.526032	\N
158	21	72	1		2020-10-16 17:11:07.834872	2020-10-16 17:11:07.834872	\N
159	21	93	1	tsp	2020-10-16 17:11:31.981174	2020-10-16 17:11:31.981174	\N
160	21	94	1/4	tsp	2020-10-16 17:11:53.087447	2020-10-16 17:11:53.087447	\N
151	20	37	to taste		2020-10-16 16:53:44.416382	2020-10-16 21:40:17.112756	\N
161	22	95	2	cup	2020-10-16 22:59:33.62405	2020-10-16 22:59:33.62405	\N
162	22	96	3	tbsp	2020-10-16 22:59:56.764818	2020-10-16 22:59:56.764818	\N
163	22	20	3	clove	2020-10-16 23:00:08.900852	2020-10-16 23:00:08.900852	\N
164	22	97	3	 tbsp	2020-10-16 23:00:57.481604	2020-10-16 23:00:57.481604	\N
165	22	98	1	tbsp	2020-10-16 23:01:08.676989	2020-10-16 23:01:08.676989	\N
166	22	18	1		2020-10-16 23:01:16.105759	2020-10-16 23:01:16.105759	\N
167	22	99	2		2020-10-16 23:01:25.82276	2020-10-16 23:01:25.82276	\N
168	22	100	1	cup	2020-10-16 23:01:50.029359	2020-10-16 23:01:50.029359	\N
169	22	101	1/4	cup	2020-10-16 23:02:09.406122	2020-10-16 23:02:09.406122	\N
170	22	37	to taste		2020-10-16 23:02:25.902087	2020-10-16 23:02:25.902087	\N
171	23	102	2	kg	2020-10-17 03:14:29.920561	2020-10-17 03:14:29.920561	\N
172	23	103	2		2020-10-17 03:14:39.217093	2020-10-17 03:14:39.217093	\N
173	23	104	2	piece	2020-10-17 03:15:13.234547	2020-10-17 03:15:13.234547	\N
175	23	21	6		2020-10-17 03:15:49.355291	2020-10-17 03:15:49.355291	\N
176	23	20	1		2020-10-17 03:16:04.283241	2020-10-17 03:16:04.283241	\N
177	23	106	4	slice	2020-10-17 03:17:30.589351	2020-10-17 03:17:30.589351	\N
178	23	107	1/2	cup	2020-10-17 03:17:43.393175	2020-10-17 03:17:43.393175	\N
179	23	108	1	bowl	2020-10-17 03:19:49.772331	2020-10-17 03:22:05.552976	\N
180	23	109	1	slice	2020-10-17 03:22:31.650542	2020-10-17 03:22:31.650542	\N
181	23	14	1		2020-10-17 03:22:54.802681	2020-10-17 03:22:54.802681	\N
182	23	110	2	tbsp	2020-10-17 03:23:11.440092	2020-10-17 03:23:11.440092	\N
21	2	25	to taste		2019-08-20 19:23:37.18852	2019-08-20 19:23:37.18852	\N
23	2	26	to taste		2019-08-20 19:24:55.73974	2019-08-20 19:24:55.73974	\N
20	2	3	1/4	cup	2019-08-20 19:21:43.402222	2020-10-21 08:02:24.397847	\N
13	2	19	1	cup	2019-08-20 18:39:56.3193	2020-10-21 16:43:07.649993	\N
22	2	21	1/4	cup	2019-08-20 19:24:32.763123	2020-10-21 16:37:04.374832	\N
12	2	24	1		2019-08-20 18:39:36.501664	2020-10-21 17:17:31.497076	\N
10	2	22	6	ear	2019-08-20 18:39:06.931633	2020-10-21 16:49:19.101534	\N
16	2	7	1		2019-08-20 19:03:44.109289	2020-10-21 23:15:09.508433	\N
24	2	12	8	strip	2019-08-20 19:27:43.262581	2020-10-21 23:27:59.067273	\N
174	23	105	6		2020-10-17 03:15:35.15946	2020-12-06 18:33:52.861812	\N
183	24	21	1	bunch	2021-01-10 23:39:58.579411	2021-01-10 23:39:58.579411	\N
184	24	115	3	bar	2021-01-10 23:39:58.593152	2021-01-10 23:39:58.593152	\N
\.


--
-- Data for Name: myrecipemealplanlinks; Type: TABLE DATA; Schema: public; Owner: susannahsun
--

COPY public.myrecipemealplanlinks (id, mealplan_id, myrecipe_id, created_at, updated_at, completed) FROM stdin;
180	1	5	2021-01-06 06:52:29.704533	2021-01-06 06:52:29.704533	f
181	4	19	2021-01-10 22:43:48.607843	2021-01-10 22:43:48.607843	f
182	4	24	2021-01-10 23:41:16.588626	2021-01-10 23:41:16.588626	f
31	2	1	2019-08-27 21:08:25.496273	2019-08-27 21:08:25.496273	f
33	3	5	2019-08-27 23:57:38.819343	2019-08-27 23:57:38.819343	f
34	3	6	2019-08-27 23:57:44.637232	2019-08-27 23:57:44.637232	f
36	3	1	2019-08-27 23:58:03.331674	2019-08-27 23:58:03.331674	f
38	2	2	2019-08-28 18:19:55.892351	2019-08-28 18:19:55.892351	f
42	2	6	2019-08-28 19:13:07.737409	2019-08-28 19:13:07.737409	f
49	2	5	2019-08-30 02:05:50.094415	2019-08-30 02:05:50.094415	f
170	1	1	2021-01-06 02:23:04.164614	2021-01-06 02:23:04.164614	f
\.


--
-- Data for Name: myrecipes; Type: TABLE DATA; Schema: public; Owner: susannahsun
--

COPY public.myrecipes (id, title, cooking_time_in_min, "videoURL", instructions, created_at, updated_at, myrecipeingredientlink_id, is_hidden, cooking_time, user_id, avatar_file_name, avatar_content_type, avatar_file_size, avatar_updated_at, "imageURL") FROM stdin;
7	Creamy Chicken on Linguine	35		In a large saute pan, heat oil, butter and garlic over medium heat. Add chicken and cook until juices run clear. Remove chicken from pan let cool and slice diagonally into long strips. Reserve oil in pan.\r\n\r\nMeanwhile, cook pasta according to directions on package. Drain.\r\n\r\nReheat oil in pan, add onion and saute, stirring often, until onion is soft but still white. Add bullion cube and water; bring to a boil and simmer uncovered for approximately 10 minutes. Stir in cream, milk, green onions and Parmesan cheese.\r\n\r\nPlace pasta in a bowl, layer chicken slices in a decorative pattern over pasta, pour sauce over top of chicken and around pasta. Garnish with parsley or any herbs you desire. Serve immediately.	2019-08-20 21:43:11.525731	2019-08-22 04:51:15.597267	\N	f	35m	1	creamy-chicken-on-linguine.jpeg	image/jpeg	46506	2019-08-22 04:51:15.337717	\N
1	Creamy Rice Pudding	45		Bring 1 1/2 cups water to a boil in a saucepan; stir rice into boiling water. Reduce heat to low, cover, and simmer for 20 minutes.\r\n\r\nIn a clean saucepan, combine 1 1/2 cups cooked rice, 1 1/2 cups milk, sugar and salt. Cook over medium heat until thick and creamy, 15 to 20 minutes. Stir in remaining 1/2 cup milk, beaten egg, and raisins; cook 2 minutes more, stirring constantly. Remove from heat and stir in butter and vanilla.	2019-08-12 22:59:02.913151	2020-11-24 20:53:51.891516	\N	f	45m	1	creamy_rice_pudding.jpg	image/jpeg	86846	2019-08-22 04:22:41.113973	\N
8	Avocado Strawberry Layered Smoothie	5		In a blender, combine all the ingredients for the strawberry smoothie and blend until smooth.\r\n\r\nPour evenly into glasses, filling each half way, and place them in the freezer.\r\n\r\nRinse out the blender. Place the remaining ingredients in the blender and blend until smooth. \r\n\r\nUse a spoon to gently transfer the avocado smoothie on top of the strawberry smoothie.	2019-08-22 22:12:08.072433	2019-08-23 00:05:41.965473	\N	f	5m	1	avocado-strawberry-layered-smoothie.jpg	image/jpeg	23908	2019-08-22 22:12:07.765571	\N
4	Shrimp Linguine	30		Cook pasta until al dente according to package directions.\r\n\r\nWhile linguine is cooking, melt butter or margarine in a large skillet. Add garlic, and saute briefly to release flavor. Add cream; heat just to boiling, stirring frequently. Lower heat, and stir in shrimp, parsley, basil, and thyme. Continue cooking until shrimp are just heated through. Do not overcook shrimp! Remove sauce from heat.\r\n\r\nDrain the pasta, and toss lightly with the sauce. Toss again with cheese, and salt and pepper to taste. Serve immediately.	2019-08-20 21:20:25.614441	2019-08-22 04:43:49.448635	\N	f	30m	1	shrimp_linguine.webp	image/webp	45402	2019-08-22 04:43:49.082822	\N
3	Easy Honey Mustard Mozzarella Chicken	50		Preheat oven to 375 degrees F (190 degrees C).\r\n\r\nPlace the chicken breast halves in a baking dish, and drizzle evenly with honey and mustard. Sprinkle with lemon pepper.\r\n\r\nBake chicken 25 minutes in the preheated oven. Top each breast half with 2 bacon slice halves, and sprinkle evenly with cheese. Continue baking 10 minutes, or until chicken juices run clear, bacon is crisp, and cheese is bubbly.	2019-08-20 21:04:40.941393	2019-08-22 04:45:24.00021	\N	f	50m	1	easy-honey-mustard-mozzarella-chicken.jpg	image/jpeg	925483	2019-08-22 04:45:23.126349	\N
9	Cucumber and Charred Onion Salad	25		Prepare grill for medium-high heat. Combine chile and 2 Tbsp. vinegar in a small bowl; set aside.\r\n\r\nPlace onions on a rimmed baking sheet and drizzle with 2 Tbsp. oil; season with salt and pepper. Turn to coat. Grill onions directly on grate until lightly charred and softened, about 2 minutes per side. Transfer to a large bowl and toss with remaining 2 Tbsp. vinegar; let cool.\r\n\r\nCoarsely chop  cup grilled onion and return to bowl. Add chile and soaking liquid, cucumber, dried oregano, and 2 Tbsp. oil and toss to combine; season with salt and pepper. Serve drizzled with more oil.\r\n\r\n\r\n	2019-08-23 01:47:54.706134	2019-08-23 01:55:13.944137	\N	f	25m	1	cucumber-and-charred-onion-salad.jpg	image/jpeg	1144614	2019-08-23 01:47:53.656365	\N
5	Thai Cucumber Salad	45		Toss the cucumbers with the salt in a colander, and leave in the sink to drain for 30 minutes. Rinse with cold water, then drain and pat dry with paper towels.\r\n\r\nWhisk together the sugar and vinegar in a mixing bowl until the sugar has dissolved. Add the cucumbers, jalapeno peppers, and cilantro; toss to combine. Sprinkle chopped peanuts on top before serving.	2019-08-20 21:27:06.084315	2019-08-22 04:47:05.898066	\N	f	45m	1	thai_cucumber_salad.jpg	image/jpeg	28984	2019-08-22 04:47:05.661484	\N
15	Dapan Chicken	60		Dice chicken, potatoes, green peppers and onions.\r\n\r\nBoil water in pot. After it is boiling, put 2 slices of ginger, some cooking wine, 2 pieces of Sichuan pepper, and chicken. Take everything out after 1 minute.	2019-10-06 21:57:29.51897	2019-10-06 22:27:54.383264	\N	f	1h	1	dapan_chicken.jpg	image/jpeg	79462	2019-10-06 21:57:29.176808	\N
6	Cucumber and Tomato Salad	15		In a large bowl, combine the tomato, cucumber, red onion, kidney beans, tofu, and basil. Just before serving, toss with balsamic vinaigrette salad dressing, and season with salt and pepper.	2019-08-20 21:34:51.342391	2019-08-28 16:38:22.467659	\N	f	15m	1	cucumber_and_tomato_salad.jpg	image/jpeg	149603	2019-08-28 16:38:22.097983	\N
2	Cajun Corn and Bacon Maque Choux	65		Cut corn off the cobs by thinly slicing across the tops of the kernels; place in a medium bowl. Cut across the kernels again to release milk from the corn, add milk to bowl. Set aside.\r\n\r\nHeat the oil in a large skillet over medium-high heat. Add onion and green pepper, cook until onion is transparent, about 5 to 8 minutes. Combine corn, tomatoes, and milk with the onion mixture. Reduce heat to medium low, and cook 20 minutes longer, stirring frequently to prevent sticking. Do not boil. Season with salt and cayenne pepper. Lower heat, cover skillet, and cook 5 to 10 minutes longer. Stir in green onions and bacon. Remove from heat and serve.	2019-08-20 18:38:44.869257	2020-11-24 20:55:38.884698	\N	f	1h5m	1	Cajun_Corn_and_Bacon_Maque_Choux.webp	image/webp	34262	2019-08-22 04:42:22.288684	\N
16	Baked Spicy Cajun Chicken with Creamed Corn & Green Beans	35		Preheat oven to 230C (450F). Line a large baking sheet with aluminum foil.\r\n\r\nCombine flour and spices in a large bowl.\r\n\r\nCoat chicken with oil. Add drumsticks one by one to the bowl with the spices, rolling and pressing to adhere on all sides. Place chicken on the baking sheet.\r\n\r\nPlace baking sheet in the oven and bake, turning once, until cooked through, 20-25 minutes.\r\n\r\nMeanwhile, heat a medium saucepan over medium heat.\r\n\r\nAdd corn to the colander and rinse under hot water for several minutes to defrost. Set aside to drain.\r\n\r\nOnce the pan is hot, add butter and swirl to coat the bottom.\r\n\r\n\r\nAdd flour and whisk until smooth. Slowly add cream, whisking to make sure no lumps form. Stir in corn, salt, and pepper. Cover pan; remove from heat and set aside.\r\n\r\nWash green beans and trim ends.\r\n\r\nHeat a large skillet over medium-high heat.\r\n\r\nOnce the skillet is hot, add butter and swirl to coat the bottom.\r\n\r\n\r\nAdd green beans to the skillet and season with salt and pepper. Cook, tossing frequently, until bright green and tender-crisp, 4-5 minutes. Remove from the heat.\r\n\r\nTo serve, divide the chicken, creamed corn, and green beans between plates. Enjoy!	2020-10-05 22:49:37.296007	2020-10-05 23:14:08.008613	\N	f	35m	1	Baked_Spicy_Cajun_Chicken_with_Creamed_Corn___Green_Beans.jpeg	image/jpeg	117335	2020-10-05 22:49:36.903385	\N
17	Shrimp, Avocado & Grapefruit Salad	35		If using frozen shrimp, place in a medium bowl, cover with water, and set aside to thaw. If using fresh shrimp, skip this step.\r\n\r\nWash and dry the lettuce. Tear into smaller pieces.\r\n\r\nWash and quarter grapefruit. Peel and slice 6 of the quarters into wedges (save 2 for the dressing). Halve and pit avocado; thinly slice flesh while still in skin and scoop out (save a quarter of the avocado for the dressing).\r\n\r\nWash and juice the lime and remaining grapefruit wedge into a small bowl; add saved avocado and mash thoroughly. Add honey, salt, and pepper; whisk to combine and set aside.\r\n\r\nHeat a skillet over medium-high heat.\r\n\r\nPeel and mince garlic.\r\n\r\nDrain and rinse shrimp under cold water until there are no more ice chunks. Place on paper towels and pat dry. If using fresh shrimp, skip this step.\r\n\r\nCoat bottom of skillet with oil. Add garlic and cook until fragrant, 15-30 seconds. Add shrimp and cook until opaque, 2-3 minutes.\r\n\r\nTo serve, arrange lettuce on a plate and top with avocado, grapefruit, and shrimp. Drizzle with dressing and enjoy!	2020-10-05 23:07:51.800865	2020-10-05 23:14:49.852183	\N	f	35m	1	Shrimp__Avocado___Grapefruit_Salad.jpg	image/jpeg	131586	2020-10-05 23:07:51.472848	\N
18	Fruit Medley Breakfast Smoothie	5		Combine the almond milk, banana, frozen fruit, coconut oil, chia seeds, and powdered ginger in a blender and pure until smooth. Pour into a glass and serve immediately.	2020-10-05 23:24:56.285395	2020-10-05 23:27:21.085541	\N	f	5m	1	Fruit_Medley_Breakfast_Smoothie.jpeg	image/jpeg	120910	2020-10-05 23:24:55.717474	\N
20	Freezer Friendly Breakfast Sandwich	50		Video by Clean & Delicious: https://www.youtube.com/watch?v=mBOe542Re0A&list=PLz7PEqpfmQPyVXtk9_UO9ltVujBagU1Bc&index=4&t=220s\r\n\r\nPreheat the oven to 350F.  Spray an 9x11 casserole dish with cooking spray or coat with butter or coconut oil.\r\n\r\nHeat olive oil in a large non-stick saut pan, add onion along with pinch of salt.  Saut' until onions are translucent.  Add in peppers and garlic and cook for another two minutes.\r\n\r\nAdd in chopped spinach with a bit more salt and pepper, stir and cook until spinach has wilted down.  Shut off heat and let veggies cool a bit.\r\n\r\nIn a large bowl, whisk together the eggs and then slowly stir the cooled veggie mixture into the eggs.\r\n\r\nPour the egg and vegetable mixture into baking dish and bake for about 30 minutes, or until the center is set and the outer edges are slightly browned. Allow the eggs to cool, then slice into six pieces.\r\n\r\nBuild the sandwiches by adding one piece of the baked eggs and one slice of cheese to each English muffin.  Wrap each sandwich in plastic wrap and place into the freezer for up to 3 months.\r\n\r\n**To reheat, you have a couple of options. Remove from freezer the night before and leave in fridge overnight to defrost.  Then when ready to eat place on microwave safe plate and heat for a minute or so or until heated through. The other option is to remove from freezer an leave on counter for 20-30  minutes before removing plastic wrap and heating in microwave until warmed through.	2020-10-16 16:46:47.466439	2020-10-16 16:54:50.166618	\N	f	50m	1	Freezer_Friendly_Breakfast_Sandwich.png	image/png	4237465	2020-10-16 16:46:45.317204	\N
21	Chili Lime Baked Shrimp Cups	45		Video by Inspired Taste: https://www.youtube.com/watch?v=tx1yTwRL5N0\r\n\r\nHeat oven to 350 degrees F.\r\n\r\nLightly brush wonton wrappers on both sides with olive oil. Lightly season one side with salt.\r\n\r\nUsing a mini muffin pan, press the wonton wrappers down into the cups, laying back the corners and pressing the bottoms down to make a defined cup. Bake until lightly browned, 8 to 10 minutes. Transfer to a rack and let cool.\r\n\r\nCOOK SHRIMP\r\nUsing a microplane, zest the lime. Set the lime aside for serving. Add the lime zest to the shrimp along with the olive oil, chili powder, salt, and pepper. Toss then arrange on a baking sheet in one layer. Bake until the shrimp are opaque throughout, 8 to 12 minutes.\r\n\r\nMAKE LIME SOUR CREAM\r\nIn a small bowl, stir the sour cream, lime juice and a pinch of salt together.\r\n\r\nTO FINISH\r\nFill the cooled wonton cups with a few leaves of arugula, a small dollop of lime sour cream, and a chili-lime shrimp. Serve with lime wedges for spritzing on top.	2020-10-16 17:06:31.737127	2020-10-16 21:48:37.063716	\N	f	45m	1	Chili_Lime_Baked_Shrimp_Cups.jpg	image/jpeg	90082	2020-10-16 17:06:30.880854	\N
19	Zucchini Brownie	45		Video by How To Cook Smarter: https://www.youtube.com/watch?v=4TbnMyrCTIo&list=PLz7PEqpfmQPzy4yV1ZYi7Dhd2nCHnI3e4&index=4&t=64s\r\n\r\nIn a bowl, combine the dry ingredients, ground oats, cocoa powder, baking soda, ground cinnamon and salt.\r\n\r\nIn another bowl, add the applesauce, maple syrup, flex egg (mix ground flaxseed with 3 tbsp of water) and vanilla extract. Whisk well until combined.\r\n\r\nGently fold in the grated zucchini, until you get a nice and thick batter. Let it sit for 5 minutes.\r\n\r\nLine 8 by 8 inch baking pan with parchment paper. Pour the batter, smooth the top and bake at 350F (180C) degrees for 30 minutes.\r\n\r\nLet it cool completely in a baking pan, transfer to a cutting board and cut in 9 equal pieces.\r\n\r\nDrizzle with melted dark chocolate on top or serve with your favourite ice cream.\r\n\r\nEnjoy!	2020-10-16 16:02:47.08031	2020-10-16 16:55:20.497849	\N	f	45m	1	Zucchini_Brownies.png	image/png	5067460	2020-10-16 16:02:44.256484	\N
22	Philly Steak Skewers	40		Video by The Domestic Geek: https://www.youtube.com/watch?v=vHSmOI7Z_5M\r\n\r\nToss the cubed steak with the oil, minced garlic, Worcestershire sauce and horseradish. Allow it to sit in the refrigerator for at least 30 minutes.\r\n\r\nBuild the skewers by alternating between the steak, mushrooms, cut-up green pepper and red onion. \r\n\r\nPreheat the grill to medium-high heat. Grill the skewers on all sides until golden and the beef is cooked to your liking, 3 to 4 minutes per side. Once cooked, brush the skewers with the steak sauce and cook for another minute.	2020-10-16 22:59:11.508674	2020-10-16 23:04:05.298075	\N	f	40m	1	Philly_Steak_Skewers.png	image/png	6242379	2020-10-16 22:59:09.116679	\N
23	Shoyu Ramen	255	https://www.youtube.com/watch?v=DC101DeDMEQ	(Video by Marion's Kitchen)\r\n\r\nPreheat the oven to 200C/390F.\r\n\r\nCut the chicken wings through their joints into smaller pieces. Spread the wings and carrots out in a large roasting tin and cook for 45-60 minutes in the oven or until golden brown.\r\n\r\nTransfer the roasting tin to your stovetop. Turn the heat to high and when the roasting juices in the tin start to bubble, add in 2 cups of water. Use a wooden spoon to scrape up all the browned bits from the bottom of the pan. Then transfer all the chicken, carrots and the liquid into a large stock pot.\r\n\r\nPlace the stock pot over a high heat and add the kombu, shitake, 6 green onions, garlic (sliced into two halves), ginger (4 long slices) and half of the soy sauce. Top up with 10 cups of water. Bring the stock to a simmer then reduce the heat to low and simmer gently for 3 hours, skimming the surface every so often.\r\n\r\nIn the meantime, make the tare by mixing the remaining soy sauce and all the mirin in a small bowl.\r\n\r\nRemove and reserve the shitake mushrooms. Remove and discard the chicken and aromatics. Strain the broth through a fine mesh sieve. Pour the broth into a clean saucepan. Taste and season with the tare according to your tastes (I added almost all of the tare to mine, but it will depend on the saltiness of your soy sauce and how much your broth reduced).\r\n\r\nTo serve, place noodles in serving bowls. Ladle over the soup broth. Top with chashu pork (or your choice of topping). Slice the reserved shitake mushrooms (discard the stems). Add the mushroom slices to the bowl. Add half a medium-soft-boiled egg and sprinkle over the green onions.\r\n\r\n \r\n\r\n*NOTES:\r\n\r\nKombu is a firm dried seaweed that you can buy from any Asian or Japanese grocery store.\r\n\r\nMirin is a type of Japanese cooking rice wine (it has less alcohol than sake but is sweeter). Its available in the Asian aisle of some major supermarkets or from an Asian grocery store.	2020-10-17 03:13:32.007055	2020-12-06 18:05:13.308012	\N	f	4h15m	1	Shoyu_Ramen.jpg	image/jpeg	593946	2020-10-17 03:13:31.541121	\N
24	title-edit	80	\N	line1-edit.\r\n\r\nline2-edit.	2021-01-10 23:36:19.441676	2021-01-11 00:05:27.865814	\N	f	1h20m	5	\N	\N	\N	\N	\N
\.


--
-- Data for Name: reviews; Type: TABLE DATA; Schema: public; Owner: susannahsun
--

COPY public.reviews (id, content, myrecipe_id, user_id, created_at, updated_at) FROM stdin;
1	A joy making it.... A great recipe for parties to show off your cooking skills =D Just wish I could get some cute straws like the ones in the picture!	8	3	2019-08-27 19:13:09.780039	2019-08-27 19:13:09.780039
\.


--
-- Data for Name: schema_migrations; Type: TABLE DATA; Schema: public; Owner: susannahsun
--

COPY public.schema_migrations (version) FROM stdin;
20190708200201
20190709170634
20190722235726
20190723215258
20190724192414
20190724195029
20190724200619
20190724200658
20190724200708
20190724200731
20190724200925
20190724200942
20190724201150
20190725175938
20190725192020
20190725192113
20190725192239
20190725192812
20190725192857
20190725193248
20190725193402
20190725193556
20190725193725
20190725193842
20190725200556
20190729235605
20190730002917
20190730012703
20190730012908
20190730013037
20190730013109
20190731021052
20190801200344
20190801235051
20190806200236
20190809043218
20190809044317
20190809164308
20190809190347
20190809222042
20190809222115
20190809222144
20190809222213
20190809222239
20190809222320
20190809222357
20190812213350
20190812215955
20190812223116
20190812235012
20190812235214
20190813000533
20190813001903
20190813170349
20190820174812
20190820192053
20190820215629
20190823171157
20190823173144
20190823181558
20190826210850
20190911000431
20201019053258
20201019053550
20201019054230
20201019054246
20201019054310
20201019055141
20201019055549
20201019060227
20201019060949
20201019061043
20201019061849
20201019062139
20201019062304
20201021073215
20201021180519
20201021202235
20201022155028
20201022203612
20201022203743
20201111061635
20201203040743
20210101013414
20210106054517
20210110231950
\.


--
-- Data for Name: taggings; Type: TABLE DATA; Schema: public; Owner: susannahsun
--

COPY public.taggings (id, myrecipe_id, tag_id, created_at, updated_at) FROM stdin;
1	1	5	2019-08-12 22:59:02.922544	2019-08-12 22:59:02.922544
2	1	8	2019-08-12 22:59:02.925	2019-08-12 22:59:02.925
3	2	1	2019-08-20 18:38:44.880243	2019-08-20 18:38:44.880243
4	2	2	2019-08-20 18:38:44.884511	2019-08-20 18:38:44.884511
5	2	8	2019-08-20 18:38:44.88845	2019-08-20 18:38:44.88845
6	3	1	2019-08-20 21:04:40.948572	2019-08-20 21:04:40.948572
7	3	2	2019-08-20 21:04:40.950592	2019-08-20 21:04:40.950592
8	3	8	2019-08-20 21:04:40.952095	2019-08-20 21:04:40.952095
9	4	1	2019-08-20 21:20:25.618159	2019-08-20 21:20:25.618159
10	4	2	2019-08-20 21:20:25.620805	2019-08-20 21:20:25.620805
11	4	4	2019-08-20 21:20:25.623406	2019-08-20 21:20:25.623406
12	4	8	2019-08-20 21:20:25.62556	2019-08-20 21:20:25.62556
13	5	1	2019-08-20 21:27:06.095252	2019-08-20 21:27:06.095252
14	5	2	2019-08-20 21:27:06.096929	2019-08-20 21:27:06.096929
15	5	7	2019-08-20 21:27:06.099313	2019-08-20 21:27:06.099313
16	5	8	2019-08-20 21:27:06.100898	2019-08-20 21:27:06.100898
17	6	1	2019-08-20 21:34:51.353804	2019-08-20 21:34:51.353804
18	6	7	2019-08-20 21:34:51.355776	2019-08-20 21:34:51.355776
19	6	8	2019-08-20 21:34:51.357545	2019-08-20 21:34:51.357545
20	7	1	2019-08-20 21:43:11.528844	2019-08-20 21:43:11.528844
21	7	2	2019-08-20 21:43:11.530435	2019-08-20 21:43:11.530435
22	7	8	2019-08-20 21:43:11.53182	2019-08-20 21:43:11.53182
23	8	3	2019-08-22 22:12:08.08641	2019-08-22 22:12:08.08641
24	8	5	2019-08-22 22:12:08.089622	2019-08-22 22:12:08.089622
25	8	8	2019-08-22 22:12:08.091281	2019-08-22 22:12:08.091281
26	8	9	2019-08-22 22:12:08.092679	2019-08-22 22:12:08.092679
27	9	1	2019-08-23 01:47:54.720576	2019-08-23 01:47:54.720576
28	9	2	2019-08-23 01:47:54.722736	2019-08-23 01:47:54.722736
29	9	7	2019-08-23 01:47:54.72431	2019-08-23 01:47:54.72431
30	9	8	2019-08-23 01:47:54.725794	2019-08-23 01:47:54.725794
37	15	1	2019-10-06 21:57:29.524156	2019-10-06 21:57:29.524156
38	15	2	2019-10-06 21:57:29.526814	2019-10-06 21:57:29.526814
39	15	8	2019-10-06 21:57:29.528325	2019-10-06 21:57:29.528325
40	16	1	2020-10-05 22:49:37.307355	2020-10-05 22:49:37.307355
41	16	2	2020-10-05 22:49:37.309677	2020-10-05 22:49:37.309677
42	16	8	2020-10-05 22:49:37.311044	2020-10-05 22:49:37.311044
43	17	1	2020-10-05 23:07:51.810175	2020-10-05 23:07:51.810175
44	17	2	2020-10-05 23:07:51.811929	2020-10-05 23:07:51.811929
45	17	3	2020-10-05 23:07:51.813701	2020-10-05 23:07:51.813701
46	17	4	2020-10-05 23:07:51.815365	2020-10-05 23:07:51.815365
47	17	7	2020-10-05 23:07:51.816867	2020-10-05 23:07:51.816867
48	17	8	2020-10-05 23:07:51.818518	2020-10-05 23:07:51.818518
49	18	3	2020-10-05 23:24:56.296125	2020-10-05 23:24:56.296125
50	18	5	2020-10-05 23:24:56.297756	2020-10-05 23:24:56.297756
51	18	8	2020-10-05 23:24:56.299318	2020-10-05 23:24:56.299318
52	18	9	2020-10-05 23:24:56.3009	2020-10-05 23:24:56.3009
53	19	3	2020-10-16 16:02:47.102422	2020-10-16 16:02:47.102422
54	19	5	2020-10-16 16:02:47.105397	2020-10-16 16:02:47.105397
55	19	6	2020-10-16 16:02:47.106887	2020-10-16 16:02:47.106887
56	19	8	2020-10-16 16:02:47.108407	2020-10-16 16:02:47.108407
57	20	3	2020-10-16 16:46:47.471767	2020-10-16 16:46:47.471767
58	20	4	2020-10-16 16:46:47.473729	2020-10-16 16:46:47.473729
59	20	6	2020-10-16 16:46:47.475335	2020-10-16 16:46:47.475335
60	20	8	2020-10-16 16:46:47.476993	2020-10-16 16:46:47.476993
61	21	6	2020-10-16 17:06:31.740236	2020-10-16 17:06:31.740236
62	21	8	2020-10-16 17:06:31.742744	2020-10-16 17:06:31.742744
63	22	1	2020-10-16 22:59:11.519326	2020-10-16 22:59:11.519326
64	22	2	2020-10-16 22:59:11.521707	2020-10-16 22:59:11.521707
65	22	6	2020-10-16 22:59:11.523356	2020-10-16 22:59:11.523356
66	22	8	2020-10-16 22:59:11.525045	2020-10-16 22:59:11.525045
67	23	1	2020-10-17 03:13:32.013512	2020-10-17 03:13:32.013512
68	23	2	2020-10-17 03:13:32.016004	2020-10-17 03:13:32.016004
69	23	3	2020-10-17 03:13:32.018138	2020-10-17 03:13:32.018138
72	24	1	2021-01-10 23:39:41.705617	2021-01-10 23:39:41.705617
73	24	2	2021-01-10 23:39:41.707971	2021-01-10 23:39:41.707971
\.


--
-- Data for Name: tags; Type: TABLE DATA; Schema: public; Owner: susannahsun
--

COPY public.tags (id, name, created_at, updated_at) FROM stdin;
1	lunch	2019-08-09 16:31:04.364654	2019-08-09 16:31:04.364654
2	dinner	2019-08-09 16:31:16.665541	2019-08-09 16:31:16.665541
3	breakfast	2019-08-09 16:31:22.272941	2019-08-09 16:31:22.272941
4	brunch	2019-08-09 16:31:27.665259	2019-08-09 16:31:27.665259
5	dessert	2019-08-09 16:31:33.684357	2019-08-09 16:31:33.684357
6	finger food	2019-08-09 16:31:41.522099	2019-08-09 16:31:41.522099
7	salad	2019-08-09 16:31:51.91176	2019-08-09 16:31:51.91176
8	party	2019-08-09 16:31:58.494618	2019-08-09 16:31:58.494618
9	smoothie	2019-08-22 21:25:15.506499	2019-08-22 21:25:15.506499
\.


--
-- Data for Name: userdietaryrestrictionlinks; Type: TABLE DATA; Schema: public; Owner: susannahsun
--

COPY public.userdietaryrestrictionlinks (id, user_id, dietaryrestriction_id, created_at, updated_at) FROM stdin;
2	1	\N	2019-08-09 04:55:43.732669	2019-08-09 04:55:43.732669
62	11	1	2020-11-13 18:12:17.176118	2020-11-13 18:12:17.176118
63	11	2	2020-11-13 18:12:17.177642	2020-11-13 18:12:17.177642
\.


--
-- Data for Name: users; Type: TABLE DATA; Schema: public; Owner: susannahsun
--

COPY public.users (id, first_name, last_name, email, password_digest, created_at, updated_at, avatar_file_name, avatar_content_type, avatar_file_size, avatar_updated_at, is_admin, tags, city, province, region, postal) FROM stdin;
5	Susannah	Sun	love101bebe@gmail.com	$2a$12$5snG9nSqs6aIUSjf7u6Cs.xU.3gZG1wb5Yvui20upXsnJfcy3.WP6	2020-11-13 17:46:58.865361	2020-12-31 19:52:50.368895	\N	\N	\N	\N	f	{}	Calgary	AB	Unknown	\N
20	Susannah	Sun	sus@sun.com	$2a$12$GsY5Q9ZC5Gv9y8gB5M/AJe96L1dUfVPdiLKC/Klos9Eb7xEX0/lfC	2021-01-08 06:00:10.374877	2021-01-08 06:00:10.374877	\N	\N	\N	\N	f	{}	\N	\N	\N	\N
21	susannah	sun	1@2.com	$2a$12$VKgr1uQtfksXB88DsbwxSeOq2yH3m58.6RCciXNxxBFoZ4o6RU2w6	2021-01-13 05:52:46.402711	2021-01-13 05:52:46.402711	\N	\N	\N	\N	f	{}	vancouver	bc	\N	v5e3g6
2	Jasmine	The Princess	jasminetheprincess@disney.com	$2a$12$mBNW2RV.AaOvnYoCUrroFODm70F4wKzhkFSvntjrnKlg3ciyFdoAK	2019-08-27 16:36:50.479551	2019-08-27 16:36:50.479551	\N	\N	\N	\N	f	{}	\N	\N	\N	\N
3	Hamlet	Silence	hamlet@shakespeare.com	$2a$12$ycZAkocTd0JGFIhSn8gALepBuHzLvQK6hngwZj9.2foFVsCe.qpNq	2019-08-27 18:10:53.676507	2019-08-27 18:10:53.676507	\N	\N	\N	\N	f	{}	\N	\N	\N	\N
4	Ali	Ababwa	princeali@aladdin.com	$2a$12$HB5o.6LtqShauCCZiKV32OYY8DM5Vv22ll7LJv92QuAgoAomWwzG6	2019-08-27 23:53:35.937194	2019-08-27 23:53:35.937194	\N	\N	\N	\N	f	{}	\N	\N	\N	\N
11	Susannah	Sun	pks_susan@hotmail.com	$2a$12$pEPnmWBKZVhYsWYXpN35qOv1wucVkloQX7JrD7l0QOHuTd.TbAFgy	2020-11-13 18:12:17.174252	2020-11-13 18:22:55.151351	\N	\N	\N	\N	f	{}	Burnaby	BC	Lower Mainland	\N
1	Susannah	Sun	thisis.susannahsun@gmail.com	$2a$12$BSUT.hU/IOEsJkuqEJs3NeuiT4eZZmblbC01.Dqcqq/NM1tw3OQNi	2019-08-09 04:13:46.742659	2020-11-24 06:33:36.441332	\N	\N	\N	\N	t	{7,8,1,2}	burnaby	bc	lower mainland	\N
19	Susannah	Sun	test@test.com	$2a$12$/GoulShd.OPjODymYhryT.6IfY/0Gy4BnT.Csh/gMsxhpQ5MJzFDW	2020-12-27 23:05:55.57121	2020-12-27 23:05:55.57121	\N	\N	\N	\N	f	{}	Edmonton	AB	\N	\N
\.


--
-- Data for Name: usertaggings; Type: TABLE DATA; Schema: public; Owner: susannahsun
--

COPY public.usertaggings (id, user_id, tag_id, created_at, updated_at) FROM stdin;
85	19	1	2020-12-27 23:05:55.572966	2020-12-27 23:05:55.572966
86	19	2	2020-12-27 23:05:55.574548	2020-12-27 23:05:55.574548
87	19	3	2020-12-27 23:05:55.575913	2020-12-27 23:05:55.575913
88	19	4	2020-12-27 23:05:55.577156	2020-12-27 23:05:55.577156
89	19	5	2020-12-27 23:05:55.578371	2020-12-27 23:05:55.578371
90	19	6	2020-12-27 23:05:55.579654	2020-12-27 23:05:55.579654
91	19	7	2020-12-27 23:05:55.580894	2020-12-27 23:05:55.580894
92	19	8	2020-12-27 23:05:55.58206	2020-12-27 23:05:55.58206
93	19	9	2020-12-27 23:05:55.58326	2020-12-27 23:05:55.58326
97	20	1	2021-01-08 06:00:10.379654	2021-01-08 06:00:10.379654
98	20	2	2021-01-08 06:00:10.386673	2021-01-08 06:00:10.386673
99	20	3	2021-01-08 06:00:10.388072	2021-01-08 06:00:10.388072
100	20	4	2021-01-08 06:00:10.389379	2021-01-08 06:00:10.389379
101	20	5	2021-01-08 06:00:10.390672	2021-01-08 06:00:10.390672
102	20	6	2021-01-08 06:00:10.391979	2021-01-08 06:00:10.391979
103	20	7	2021-01-08 06:00:10.393705	2021-01-08 06:00:10.393705
104	20	8	2021-01-08 06:00:10.395363	2021-01-08 06:00:10.395363
105	20	9	2021-01-08 06:00:10.396661	2021-01-08 06:00:10.396661
106	21	1	2021-01-13 05:52:46.422566	2021-01-13 05:52:46.422566
107	21	2	2021-01-13 05:52:46.434185	2021-01-13 05:52:46.434185
108	21	3	2021-01-13 05:52:46.435943	2021-01-13 05:52:46.435943
109	21	4	2021-01-13 05:52:46.437611	2021-01-13 05:52:46.437611
110	21	5	2021-01-13 05:52:46.439251	2021-01-13 05:52:46.439251
111	21	6	2021-01-13 05:52:46.440887	2021-01-13 05:52:46.440887
112	21	7	2021-01-13 05:52:46.442593	2021-01-13 05:52:46.442593
113	21	8	2021-01-13 05:52:46.444382	2021-01-13 05:52:46.444382
39	11	2	2020-11-13 18:12:17.179308	2020-11-13 18:12:17.179308
40	11	3	2020-11-13 18:12:17.180775	2020-11-13 18:12:17.180775
114	21	9	2021-01-13 05:52:46.445668	2021-01-13 05:52:46.445668
\.


--
-- Name: completions_id_seq; Type: SEQUENCE SET; Schema: public; Owner: susannahsun
--

SELECT pg_catalog.setval('public.completions_id_seq', 112, true);


--
-- Name: delayed_jobs_id_seq; Type: SEQUENCE SET; Schema: public; Owner: susannahsun
--

SELECT pg_catalog.setval('public.delayed_jobs_id_seq', 2, true);


--
-- Name: dietaryrestrictionlinks_id_seq; Type: SEQUENCE SET; Schema: public; Owner: susannahsun
--

SELECT pg_catalog.setval('public.dietaryrestrictionlinks_id_seq', 38, true);


--
-- Name: dietaryrestrictions_id_seq; Type: SEQUENCE SET; Schema: public; Owner: susannahsun
--

SELECT pg_catalog.setval('public.dietaryrestrictions_id_seq', 5, true);


--
-- Name: favourites_id_seq; Type: SEQUENCE SET; Schema: public; Owner: susannahsun
--

SELECT pg_catalog.setval('public.favourites_id_seq', 24, true);


--
-- Name: groceries_id_seq; Type: SEQUENCE SET; Schema: public; Owner: susannahsun
--

SELECT pg_catalog.setval('public.groceries_id_seq', 7920, true);


--
-- Name: ingredients_id_seq; Type: SEQUENCE SET; Schema: public; Owner: susannahsun
--

SELECT pg_catalog.setval('public.ingredients_id_seq', 116, true);


--
-- Name: leftover_usage_mealplan_links_id_seq; Type: SEQUENCE SET; Schema: public; Owner: susannahsun
--

SELECT pg_catalog.setval('public.leftover_usage_mealplan_links_id_seq', 281, true);


--
-- Name: leftover_usages_id_seq; Type: SEQUENCE SET; Schema: public; Owner: susannahsun
--

SELECT pg_catalog.setval('public.leftover_usages_id_seq', 370, true);


--
-- Name: leftovers_id_seq; Type: SEQUENCE SET; Schema: public; Owner: susannahsun
--

SELECT pg_catalog.setval('public.leftovers_id_seq', 312, true);


--
-- Name: likes_id_seq; Type: SEQUENCE SET; Schema: public; Owner: susannahsun
--

SELECT pg_catalog.setval('public.likes_id_seq', 1, false);


--
-- Name: mealplans_id_seq; Type: SEQUENCE SET; Schema: public; Owner: susannahsun
--

SELECT pg_catalog.setval('public.mealplans_id_seq', 9, true);


--
-- Name: myrecipeingredientlinks_id_seq; Type: SEQUENCE SET; Schema: public; Owner: susannahsun
--

SELECT pg_catalog.setval('public.myrecipeingredientlinks_id_seq', 184, true);


--
-- Name: myrecipemealplanlinks_id_seq; Type: SEQUENCE SET; Schema: public; Owner: susannahsun
--

SELECT pg_catalog.setval('public.myrecipemealplanlinks_id_seq', 182, true);


--
-- Name: myrecipes_id_seq; Type: SEQUENCE SET; Schema: public; Owner: susannahsun
--

SELECT pg_catalog.setval('public.myrecipes_id_seq', 24, true);


--
-- Name: reviews_id_seq; Type: SEQUENCE SET; Schema: public; Owner: susannahsun
--

SELECT pg_catalog.setval('public.reviews_id_seq', 1, true);


--
-- Name: taggings_id_seq; Type: SEQUENCE SET; Schema: public; Owner: susannahsun
--

SELECT pg_catalog.setval('public.taggings_id_seq', 73, true);


--
-- Name: tags_id_seq; Type: SEQUENCE SET; Schema: public; Owner: susannahsun
--

SELECT pg_catalog.setval('public.tags_id_seq', 9, true);


--
-- Name: userdietaryrestrictionlinks_id_seq; Type: SEQUENCE SET; Schema: public; Owner: susannahsun
--

SELECT pg_catalog.setval('public.userdietaryrestrictionlinks_id_seq', 67, true);


--
-- Name: users_id_seq; Type: SEQUENCE SET; Schema: public; Owner: susannahsun
--

SELECT pg_catalog.setval('public.users_id_seq', 21, true);


--
-- Name: usertaggings_id_seq; Type: SEQUENCE SET; Schema: public; Owner: susannahsun
--

SELECT pg_catalog.setval('public.usertaggings_id_seq', 114, true);


--
-- Name: ar_internal_metadata ar_internal_metadata_pkey; Type: CONSTRAINT; Schema: public; Owner: susannahsun
--

ALTER TABLE ONLY public.ar_internal_metadata
    ADD CONSTRAINT ar_internal_metadata_pkey PRIMARY KEY (key);


--
-- Name: completions completions_pkey; Type: CONSTRAINT; Schema: public; Owner: susannahsun
--

ALTER TABLE ONLY public.completions
    ADD CONSTRAINT completions_pkey PRIMARY KEY (id);


--
-- Name: delayed_jobs delayed_jobs_pkey; Type: CONSTRAINT; Schema: public; Owner: susannahsun
--

ALTER TABLE ONLY public.delayed_jobs
    ADD CONSTRAINT delayed_jobs_pkey PRIMARY KEY (id);


--
-- Name: dietaryrestrictionlinks dietaryrestrictionlinks_pkey; Type: CONSTRAINT; Schema: public; Owner: susannahsun
--

ALTER TABLE ONLY public.dietaryrestrictionlinks
    ADD CONSTRAINT dietaryrestrictionlinks_pkey PRIMARY KEY (id);


--
-- Name: dietaryrestrictions dietaryrestrictions_pkey; Type: CONSTRAINT; Schema: public; Owner: susannahsun
--

ALTER TABLE ONLY public.dietaryrestrictions
    ADD CONSTRAINT dietaryrestrictions_pkey PRIMARY KEY (id);


--
-- Name: favourites favourites_pkey; Type: CONSTRAINT; Schema: public; Owner: susannahsun
--

ALTER TABLE ONLY public.favourites
    ADD CONSTRAINT favourites_pkey PRIMARY KEY (id);


--
-- Name: groceries groceries_pkey; Type: CONSTRAINT; Schema: public; Owner: susannahsun
--

ALTER TABLE ONLY public.groceries
    ADD CONSTRAINT groceries_pkey PRIMARY KEY (id);


--
-- Name: ingredients ingredients_pkey; Type: CONSTRAINT; Schema: public; Owner: susannahsun
--

ALTER TABLE ONLY public.ingredients
    ADD CONSTRAINT ingredients_pkey PRIMARY KEY (id);


--
-- Name: leftover_usage_mealplan_links leftover_usage_mealplan_links_pkey; Type: CONSTRAINT; Schema: public; Owner: susannahsun
--

ALTER TABLE ONLY public.leftover_usage_mealplan_links
    ADD CONSTRAINT leftover_usage_mealplan_links_pkey PRIMARY KEY (id);


--
-- Name: leftover_usages leftover_usages_pkey; Type: CONSTRAINT; Schema: public; Owner: susannahsun
--

ALTER TABLE ONLY public.leftover_usages
    ADD CONSTRAINT leftover_usages_pkey PRIMARY KEY (id);


--
-- Name: leftovers leftovers_pkey; Type: CONSTRAINT; Schema: public; Owner: susannahsun
--

ALTER TABLE ONLY public.leftovers
    ADD CONSTRAINT leftovers_pkey PRIMARY KEY (id);


--
-- Name: likes likes_pkey; Type: CONSTRAINT; Schema: public; Owner: susannahsun
--

ALTER TABLE ONLY public.likes
    ADD CONSTRAINT likes_pkey PRIMARY KEY (id);


--
-- Name: mealplans mealplans_pkey; Type: CONSTRAINT; Schema: public; Owner: susannahsun
--

ALTER TABLE ONLY public.mealplans
    ADD CONSTRAINT mealplans_pkey PRIMARY KEY (id);


--
-- Name: myrecipeingredientlinks myrecipeingredientlinks_pkey; Type: CONSTRAINT; Schema: public; Owner: susannahsun
--

ALTER TABLE ONLY public.myrecipeingredientlinks
    ADD CONSTRAINT myrecipeingredientlinks_pkey PRIMARY KEY (id);


--
-- Name: myrecipemealplanlinks myrecipemealplanlinks_pkey; Type: CONSTRAINT; Schema: public; Owner: susannahsun
--

ALTER TABLE ONLY public.myrecipemealplanlinks
    ADD CONSTRAINT myrecipemealplanlinks_pkey PRIMARY KEY (id);


--
-- Name: myrecipes myrecipes_pkey; Type: CONSTRAINT; Schema: public; Owner: susannahsun
--

ALTER TABLE ONLY public.myrecipes
    ADD CONSTRAINT myrecipes_pkey PRIMARY KEY (id);


--
-- Name: reviews reviews_pkey; Type: CONSTRAINT; Schema: public; Owner: susannahsun
--

ALTER TABLE ONLY public.reviews
    ADD CONSTRAINT reviews_pkey PRIMARY KEY (id);


--
-- Name: schema_migrations schema_migrations_pkey; Type: CONSTRAINT; Schema: public; Owner: susannahsun
--

ALTER TABLE ONLY public.schema_migrations
    ADD CONSTRAINT schema_migrations_pkey PRIMARY KEY (version);


--
-- Name: taggings taggings_pkey; Type: CONSTRAINT; Schema: public; Owner: susannahsun
--

ALTER TABLE ONLY public.taggings
    ADD CONSTRAINT taggings_pkey PRIMARY KEY (id);


--
-- Name: tags tags_pkey; Type: CONSTRAINT; Schema: public; Owner: susannahsun
--

ALTER TABLE ONLY public.tags
    ADD CONSTRAINT tags_pkey PRIMARY KEY (id);


--
-- Name: userdietaryrestrictionlinks userdietaryrestrictionlinks_pkey; Type: CONSTRAINT; Schema: public; Owner: susannahsun
--

ALTER TABLE ONLY public.userdietaryrestrictionlinks
    ADD CONSTRAINT userdietaryrestrictionlinks_pkey PRIMARY KEY (id);


--
-- Name: users users_pkey; Type: CONSTRAINT; Schema: public; Owner: susannahsun
--

ALTER TABLE ONLY public.users
    ADD CONSTRAINT users_pkey PRIMARY KEY (id);


--
-- Name: usertaggings usertaggings_pkey; Type: CONSTRAINT; Schema: public; Owner: susannahsun
--

ALTER TABLE ONLY public.usertaggings
    ADD CONSTRAINT usertaggings_pkey PRIMARY KEY (id);


--
-- Name: delayed_jobs_priority; Type: INDEX; Schema: public; Owner: susannahsun
--

CREATE INDEX delayed_jobs_priority ON public.delayed_jobs USING btree (priority, run_at);


--
-- Name: index_completions_on_myrecipe_id; Type: INDEX; Schema: public; Owner: susannahsun
--

CREATE INDEX index_completions_on_myrecipe_id ON public.completions USING btree (myrecipe_id);


--
-- Name: index_completions_on_user_id; Type: INDEX; Schema: public; Owner: susannahsun
--

CREATE INDEX index_completions_on_user_id ON public.completions USING btree (user_id);


--
-- Name: index_dietaryrestrictionlinks_on_dietaryrestriction_id; Type: INDEX; Schema: public; Owner: susannahsun
--

CREATE INDEX index_dietaryrestrictionlinks_on_dietaryrestriction_id ON public.dietaryrestrictionlinks USING btree (dietaryrestriction_id);


--
-- Name: index_dietaryrestrictionlinks_on_myrecipe_id; Type: INDEX; Schema: public; Owner: susannahsun
--

CREATE INDEX index_dietaryrestrictionlinks_on_myrecipe_id ON public.dietaryrestrictionlinks USING btree (myrecipe_id);


--
-- Name: index_dietaryrestrictions_on_name; Type: INDEX; Schema: public; Owner: susannahsun
--

CREATE INDEX index_dietaryrestrictions_on_name ON public.dietaryrestrictions USING btree (name);


--
-- Name: index_favourites_on_myrecipe_id; Type: INDEX; Schema: public; Owner: susannahsun
--

CREATE INDEX index_favourites_on_myrecipe_id ON public.favourites USING btree (myrecipe_id);


--
-- Name: index_favourites_on_user_id; Type: INDEX; Schema: public; Owner: susannahsun
--

CREATE INDEX index_favourites_on_user_id ON public.favourites USING btree (user_id);


--
-- Name: index_groceries_on_is_completed; Type: INDEX; Schema: public; Owner: susannahsun
--

CREATE INDEX index_groceries_on_is_completed ON public.groceries USING btree (is_completed);


--
-- Name: index_groceries_on_user_id; Type: INDEX; Schema: public; Owner: susannahsun
--

CREATE INDEX index_groceries_on_user_id ON public.groceries USING btree (user_id);


--
-- Name: index_ingredients_on_myrecipeingredientlink_id; Type: INDEX; Schema: public; Owner: susannahsun
--

CREATE UNIQUE INDEX index_ingredients_on_myrecipeingredientlink_id ON public.ingredients USING btree (myrecipeingredientlink_id);


--
-- Name: index_ingredients_on_name; Type: INDEX; Schema: public; Owner: susannahsun
--

CREATE UNIQUE INDEX index_ingredients_on_name ON public.ingredients USING btree (name);


--
-- Name: index_leftover_usage_mealplan_links_on_leftover_usage_id; Type: INDEX; Schema: public; Owner: susannahsun
--

CREATE INDEX index_leftover_usage_mealplan_links_on_leftover_usage_id ON public.leftover_usage_mealplan_links USING btree (leftover_usage_id);


--
-- Name: index_leftover_usage_mealplan_links_on_mealplan_id; Type: INDEX; Schema: public; Owner: susannahsun
--

CREATE INDEX index_leftover_usage_mealplan_links_on_mealplan_id ON public.leftover_usage_mealplan_links USING btree (mealplan_id);


--
-- Name: index_leftover_usages_on_ingredient_id; Type: INDEX; Schema: public; Owner: susannahsun
--

CREATE INDEX index_leftover_usages_on_ingredient_id ON public.leftover_usages USING btree (ingredient_id);


--
-- Name: index_leftover_usages_on_leftover_usage_mealplan_links_id; Type: INDEX; Schema: public; Owner: susannahsun
--

CREATE INDEX index_leftover_usages_on_leftover_usage_mealplan_links_id ON public.leftover_usages USING btree (leftover_usage_mealplan_links_id);


--
-- Name: index_leftover_usages_on_mealplan_id; Type: INDEX; Schema: public; Owner: susannahsun
--

CREATE INDEX index_leftover_usages_on_mealplan_id ON public.leftover_usages USING btree (mealplan_id);


--
-- Name: index_leftover_usages_on_myrecipe_id; Type: INDEX; Schema: public; Owner: susannahsun
--

CREATE INDEX index_leftover_usages_on_myrecipe_id ON public.leftover_usages USING btree (myrecipe_id);


--
-- Name: index_leftover_usages_on_user_id; Type: INDEX; Schema: public; Owner: susannahsun
--

CREATE INDEX index_leftover_usages_on_user_id ON public.leftover_usages USING btree (user_id);


--
-- Name: index_leftovers_on_ingredient_id; Type: INDEX; Schema: public; Owner: susannahsun
--

CREATE INDEX index_leftovers_on_ingredient_id ON public.leftovers USING btree (ingredient_id);


--
-- Name: index_leftovers_on_user_id; Type: INDEX; Schema: public; Owner: susannahsun
--

CREATE INDEX index_leftovers_on_user_id ON public.leftovers USING btree (user_id);


--
-- Name: index_likes_on_review_id; Type: INDEX; Schema: public; Owner: susannahsun
--

CREATE INDEX index_likes_on_review_id ON public.likes USING btree (review_id);


--
-- Name: index_likes_on_user_id; Type: INDEX; Schema: public; Owner: susannahsun
--

CREATE INDEX index_likes_on_user_id ON public.likes USING btree (user_id);


--
-- Name: index_mealplans_on_leftover_usage_mealplan_links_id; Type: INDEX; Schema: public; Owner: susannahsun
--

CREATE INDEX index_mealplans_on_leftover_usage_mealplan_links_id ON public.mealplans USING btree (leftover_usage_mealplan_links_id);


--
-- Name: index_mealplans_on_user_id; Type: INDEX; Schema: public; Owner: susannahsun
--

CREATE UNIQUE INDEX index_mealplans_on_user_id ON public.mealplans USING btree (user_id);


--
-- Name: index_myrecipeingredientlinks_on_ingredient_id; Type: INDEX; Schema: public; Owner: susannahsun
--

CREATE INDEX index_myrecipeingredientlinks_on_ingredient_id ON public.myrecipeingredientlinks USING btree (ingredient_id);


--
-- Name: index_myrecipeingredientlinks_on_myrecipe_id; Type: INDEX; Schema: public; Owner: susannahsun
--

CREATE INDEX index_myrecipeingredientlinks_on_myrecipe_id ON public.myrecipeingredientlinks USING btree (myrecipe_id);


--
-- Name: index_myrecipeingredientlinks_on_quantity; Type: INDEX; Schema: public; Owner: susannahsun
--

CREATE INDEX index_myrecipeingredientlinks_on_quantity ON public.myrecipeingredientlinks USING btree (quantity);


--
-- Name: index_myrecipeingredientlinks_on_unit; Type: INDEX; Schema: public; Owner: susannahsun
--

CREATE INDEX index_myrecipeingredientlinks_on_unit ON public.myrecipeingredientlinks USING btree (unit);


--
-- Name: index_myrecipemealplanlinks_on_mealplan_id; Type: INDEX; Schema: public; Owner: susannahsun
--

CREATE INDEX index_myrecipemealplanlinks_on_mealplan_id ON public.myrecipemealplanlinks USING btree (mealplan_id);


--
-- Name: index_myrecipemealplanlinks_on_myrecipe_id; Type: INDEX; Schema: public; Owner: susannahsun
--

CREATE INDEX index_myrecipemealplanlinks_on_myrecipe_id ON public.myrecipemealplanlinks USING btree (myrecipe_id);


--
-- Name: index_myrecipes_on_myrecipeingredientlink_id; Type: INDEX; Schema: public; Owner: susannahsun
--

CREATE UNIQUE INDEX index_myrecipes_on_myrecipeingredientlink_id ON public.myrecipes USING btree (myrecipeingredientlink_id);


--
-- Name: index_myrecipes_on_title; Type: INDEX; Schema: public; Owner: susannahsun
--

CREATE INDEX index_myrecipes_on_title ON public.myrecipes USING btree (title);


--
-- Name: index_myrecipes_on_user_id; Type: INDEX; Schema: public; Owner: susannahsun
--

CREATE INDEX index_myrecipes_on_user_id ON public.myrecipes USING btree (user_id);


--
-- Name: index_reviews_on_myrecipe_id; Type: INDEX; Schema: public; Owner: susannahsun
--

CREATE INDEX index_reviews_on_myrecipe_id ON public.reviews USING btree (myrecipe_id);


--
-- Name: index_reviews_on_user_id; Type: INDEX; Schema: public; Owner: susannahsun
--

CREATE INDEX index_reviews_on_user_id ON public.reviews USING btree (user_id);


--
-- Name: index_taggings_on_myrecipe_id; Type: INDEX; Schema: public; Owner: susannahsun
--

CREATE INDEX index_taggings_on_myrecipe_id ON public.taggings USING btree (myrecipe_id);


--
-- Name: index_taggings_on_tag_id; Type: INDEX; Schema: public; Owner: susannahsun
--

CREATE INDEX index_taggings_on_tag_id ON public.taggings USING btree (tag_id);


--
-- Name: index_tags_on_name; Type: INDEX; Schema: public; Owner: susannahsun
--

CREATE INDEX index_tags_on_name ON public.tags USING btree (name);


--
-- Name: index_userdietaryrestrictionlinks_on_dietaryrestriction_id; Type: INDEX; Schema: public; Owner: susannahsun
--

CREATE INDEX index_userdietaryrestrictionlinks_on_dietaryrestriction_id ON public.userdietaryrestrictionlinks USING btree (dietaryrestriction_id);


--
-- Name: index_userdietaryrestrictionlinks_on_user_id; Type: INDEX; Schema: public; Owner: susannahsun
--

CREATE INDEX index_userdietaryrestrictionlinks_on_user_id ON public.userdietaryrestrictionlinks USING btree (user_id);


--
-- Name: index_users_on_email; Type: INDEX; Schema: public; Owner: susannahsun
--

CREATE UNIQUE INDEX index_users_on_email ON public.users USING btree (email);


--
-- Name: index_usertaggings_on_tag_id; Type: INDEX; Schema: public; Owner: susannahsun
--

CREATE INDEX index_usertaggings_on_tag_id ON public.usertaggings USING btree (tag_id);


--
-- Name: index_usertaggings_on_user_id; Type: INDEX; Schema: public; Owner: susannahsun
--

CREATE INDEX index_usertaggings_on_user_id ON public.usertaggings USING btree (user_id);


--
-- Name: completions fk_rails_1b5adf23d7; Type: FK CONSTRAINT; Schema: public; Owner: susannahsun
--

ALTER TABLE ONLY public.completions
    ADD CONSTRAINT fk_rails_1b5adf23d7 FOREIGN KEY (user_id) REFERENCES public.users(id);


--
-- Name: likes fk_rails_1e09b5dabf; Type: FK CONSTRAINT; Schema: public; Owner: susannahsun
--

ALTER TABLE ONLY public.likes
    ADD CONSTRAINT fk_rails_1e09b5dabf FOREIGN KEY (user_id) REFERENCES public.users(id);


--
-- Name: leftover_usages fk_rails_23cd18cd4b; Type: FK CONSTRAINT; Schema: public; Owner: susannahsun
--

ALTER TABLE ONLY public.leftover_usages
    ADD CONSTRAINT fk_rails_23cd18cd4b FOREIGN KEY (user_id) REFERENCES public.users(id);


--
-- Name: favourites fk_rails_3073f88368; Type: FK CONSTRAINT; Schema: public; Owner: susannahsun
--

ALTER TABLE ONLY public.favourites
    ADD CONSTRAINT fk_rails_3073f88368 FOREIGN KEY (user_id) REFERENCES public.users(id);


--
-- Name: userdietaryrestrictionlinks fk_rails_41b7066bc6; Type: FK CONSTRAINT; Schema: public; Owner: susannahsun
--

ALTER TABLE ONLY public.userdietaryrestrictionlinks
    ADD CONSTRAINT fk_rails_41b7066bc6 FOREIGN KEY (user_id) REFERENCES public.users(id);


--
-- Name: groceries fk_rails_518a416c59; Type: FK CONSTRAINT; Schema: public; Owner: susannahsun
--

ALTER TABLE ONLY public.groceries
    ADD CONSTRAINT fk_rails_518a416c59 FOREIGN KEY (user_id) REFERENCES public.users(id);


--
-- Name: mealplans fk_rails_53d6e32e42; Type: FK CONSTRAINT; Schema: public; Owner: susannahsun
--

ALTER TABLE ONLY public.mealplans
    ADD CONSTRAINT fk_rails_53d6e32e42 FOREIGN KEY (user_id) REFERENCES public.users(id);


--
-- Name: leftover_usages fk_rails_572bb07870; Type: FK CONSTRAINT; Schema: public; Owner: susannahsun
--

ALTER TABLE ONLY public.leftover_usages
    ADD CONSTRAINT fk_rails_572bb07870 FOREIGN KEY (myrecipe_id) REFERENCES public.myrecipes(id);


--
-- Name: leftovers fk_rails_5c5c22a9a3; Type: FK CONSTRAINT; Schema: public; Owner: susannahsun
--

ALTER TABLE ONLY public.leftovers
    ADD CONSTRAINT fk_rails_5c5c22a9a3 FOREIGN KEY (ingredient_id) REFERENCES public.ingredients(id);


--
-- Name: myrecipemealplanlinks fk_rails_691b2f0ae8; Type: FK CONSTRAINT; Schema: public; Owner: susannahsun
--

ALTER TABLE ONLY public.myrecipemealplanlinks
    ADD CONSTRAINT fk_rails_691b2f0ae8 FOREIGN KEY (myrecipe_id) REFERENCES public.myrecipes(id);


--
-- Name: leftover_usages fk_rails_695c462152; Type: FK CONSTRAINT; Schema: public; Owner: susannahsun
--

ALTER TABLE ONLY public.leftover_usages
    ADD CONSTRAINT fk_rails_695c462152 FOREIGN KEY (leftover_usage_mealplan_links_id) REFERENCES public.leftover_usage_mealplan_links(id);


--
-- Name: usertaggings fk_rails_6b83e17027; Type: FK CONSTRAINT; Schema: public; Owner: susannahsun
--

ALTER TABLE ONLY public.usertaggings
    ADD CONSTRAINT fk_rails_6b83e17027 FOREIGN KEY (tag_id) REFERENCES public.tags(id);


--
-- Name: myrecipeingredientlinks fk_rails_70f87bd17d; Type: FK CONSTRAINT; Schema: public; Owner: susannahsun
--

ALTER TABLE ONLY public.myrecipeingredientlinks
    ADD CONSTRAINT fk_rails_70f87bd17d FOREIGN KEY (myrecipe_id) REFERENCES public.myrecipes(id);


--
-- Name: dietaryrestrictionlinks fk_rails_7476cfb25a; Type: FK CONSTRAINT; Schema: public; Owner: susannahsun
--

ALTER TABLE ONLY public.dietaryrestrictionlinks
    ADD CONSTRAINT fk_rails_7476cfb25a FOREIGN KEY (dietaryrestriction_id) REFERENCES public.dietaryrestrictions(id);


--
-- Name: reviews fk_rails_74a66bd6c5; Type: FK CONSTRAINT; Schema: public; Owner: susannahsun
--

ALTER TABLE ONLY public.reviews
    ADD CONSTRAINT fk_rails_74a66bd6c5 FOREIGN KEY (user_id) REFERENCES public.users(id);


--
-- Name: leftover_usages fk_rails_7a9b4d2548; Type: FK CONSTRAINT; Schema: public; Owner: susannahsun
--

ALTER TABLE ONLY public.leftover_usages
    ADD CONSTRAINT fk_rails_7a9b4d2548 FOREIGN KEY (ingredient_id) REFERENCES public.ingredients(id);


--
-- Name: usertaggings fk_rails_856fcaddc7; Type: FK CONSTRAINT; Schema: public; Owner: susannahsun
--

ALTER TABLE ONLY public.usertaggings
    ADD CONSTRAINT fk_rails_856fcaddc7 FOREIGN KEY (user_id) REFERENCES public.users(id);


--
-- Name: favourites fk_rails_87dce2361d; Type: FK CONSTRAINT; Schema: public; Owner: susannahsun
--

ALTER TABLE ONLY public.favourites
    ADD CONSTRAINT fk_rails_87dce2361d FOREIGN KEY (myrecipe_id) REFERENCES public.myrecipes(id);


--
-- Name: myrecipeingredientlinks fk_rails_8dde8becc8; Type: FK CONSTRAINT; Schema: public; Owner: susannahsun
--

ALTER TABLE ONLY public.myrecipeingredientlinks
    ADD CONSTRAINT fk_rails_8dde8becc8 FOREIGN KEY (ingredient_id) REFERENCES public.ingredients(id);


--
-- Name: reviews fk_rails_954bf49df2; Type: FK CONSTRAINT; Schema: public; Owner: susannahsun
--

ALTER TABLE ONLY public.reviews
    ADD CONSTRAINT fk_rails_954bf49df2 FOREIGN KEY (myrecipe_id) REFERENCES public.myrecipes(id);


--
-- Name: taggings fk_rails_9fcd2e236b; Type: FK CONSTRAINT; Schema: public; Owner: susannahsun
--

ALTER TABLE ONLY public.taggings
    ADD CONSTRAINT fk_rails_9fcd2e236b FOREIGN KEY (tag_id) REFERENCES public.tags(id);


--
-- Name: taggings fk_rails_aa2e404dae; Type: FK CONSTRAINT; Schema: public; Owner: susannahsun
--

ALTER TABLE ONLY public.taggings
    ADD CONSTRAINT fk_rails_aa2e404dae FOREIGN KEY (myrecipe_id) REFERENCES public.myrecipes(id);


--
-- Name: completions fk_rails_affcc7c05f; Type: FK CONSTRAINT; Schema: public; Owner: susannahsun
--

ALTER TABLE ONLY public.completions
    ADD CONSTRAINT fk_rails_affcc7c05f FOREIGN KEY (myrecipe_id) REFERENCES public.myrecipes(id);


--
-- Name: leftover_usages fk_rails_b45fbafb85; Type: FK CONSTRAINT; Schema: public; Owner: susannahsun
--

ALTER TABLE ONLY public.leftover_usages
    ADD CONSTRAINT fk_rails_b45fbafb85 FOREIGN KEY (mealplan_id) REFERENCES public.mealplans(id);


--
-- Name: myrecipes fk_rails_b7aa652810; Type: FK CONSTRAINT; Schema: public; Owner: susannahsun
--

ALTER TABLE ONLY public.myrecipes
    ADD CONSTRAINT fk_rails_b7aa652810 FOREIGN KEY (user_id) REFERENCES public.users(id);


--
-- Name: leftovers fk_rails_ba3db08e95; Type: FK CONSTRAINT; Schema: public; Owner: susannahsun
--

ALTER TABLE ONLY public.leftovers
    ADD CONSTRAINT fk_rails_ba3db08e95 FOREIGN KEY (user_id) REFERENCES public.users(id);


--
-- Name: userdietaryrestrictionlinks fk_rails_bcf53480db; Type: FK CONSTRAINT; Schema: public; Owner: susannahsun
--

ALTER TABLE ONLY public.userdietaryrestrictionlinks
    ADD CONSTRAINT fk_rails_bcf53480db FOREIGN KEY (dietaryrestriction_id) REFERENCES public.dietaryrestrictions(id);


--
-- Name: dietaryrestrictionlinks fk_rails_c3b33f7a55; Type: FK CONSTRAINT; Schema: public; Owner: susannahsun
--

ALTER TABLE ONLY public.dietaryrestrictionlinks
    ADD CONSTRAINT fk_rails_c3b33f7a55 FOREIGN KEY (myrecipe_id) REFERENCES public.myrecipes(id);


--
-- Name: likes fk_rails_cceb218658; Type: FK CONSTRAINT; Schema: public; Owner: susannahsun
--

ALTER TABLE ONLY public.likes
    ADD CONSTRAINT fk_rails_cceb218658 FOREIGN KEY (review_id) REFERENCES public.reviews(id);


--
-- Name: ingredients fk_rails_cf587b146b; Type: FK CONSTRAINT; Schema: public; Owner: susannahsun
--

ALTER TABLE ONLY public.ingredients
    ADD CONSTRAINT fk_rails_cf587b146b FOREIGN KEY (myrecipeingredientlink_id) REFERENCES public.myrecipeingredientlinks(id);


--
-- Name: mealplans fk_rails_d25e3b70ad; Type: FK CONSTRAINT; Schema: public; Owner: susannahsun
--

ALTER TABLE ONLY public.mealplans
    ADD CONSTRAINT fk_rails_d25e3b70ad FOREIGN KEY (leftover_usage_mealplan_links_id) REFERENCES public.leftover_usage_mealplan_links(id);


--
-- Name: myrecipemealplanlinks fk_rails_f50e94b0e0; Type: FK CONSTRAINT; Schema: public; Owner: susannahsun
--

ALTER TABLE ONLY public.myrecipemealplanlinks
    ADD CONSTRAINT fk_rails_f50e94b0e0 FOREIGN KEY (mealplan_id) REFERENCES public.mealplans(id);


--
-- Name: myrecipes fk_rails_fd15df04dd; Type: FK CONSTRAINT; Schema: public; Owner: susannahsun
--

ALTER TABLE ONLY public.myrecipes
    ADD CONSTRAINT fk_rails_fd15df04dd FOREIGN KEY (myrecipeingredientlink_id) REFERENCES public.myrecipeingredientlinks(id);


--
-- PostgreSQL database dump complete
--

